event_id,campaign_id,customer_id,event_type,event_date,channel
804edab4-38d1-4340-8120-d24dd203dc38,83,432,signup,2021-04-11 12:57:33.959939,Email
35c22cde-91f3-4932-91dd-9487a2cb25e6,72,470,signup,2016-11-05 10:12:10.256266,Direct Mail
f8c02991-9fda-489a-bcac-ae709e1964d6,12,436,click,2015-01-12 11:04:03.160006,Online Ads
c0a966a6-147a-4a67-ad86-4dd2f15bf7d7,1,345,impression,2020-01-02 03:05:14.244935,Email
37712df9-caec-4eda-9853-e70f0cc695ce,96,291,impression,2018-04-08 22:20:40.399095,Direct Mail
39b78d32-f30c-4910-83c9-67c719e80c3c,51,460,signup,2022-05-15 13:39:10.109243,Social Media
6f61bbe8-a8c3-445f-a89b-1bf614f49916,3,397,page_view,2016-05-21 23:21:51.816149,Direct Mail
b9f1b064-7353-4bde-bf65-85132d420ffa,30,455,impression,2019-05-20 08:05:20.765736,Social Media
ee224239-101e-43c0-9d27-0cc49835395b,75,305,conversion,2024-07-27 02:02:56.848126,Email
d67f718e-2e3c-45c7-aa8a-f8b4ccb2ce4a,52,330,signup,2019-12-22 04:22:57.851824,Direct Mail
91c745f8-6894-4c4a-8349-4f6768eff332,92,175,conversion,2016-08-21 23:38:37.755609,Email
87b5fce7-98a8-453b-b100-7b75df1f5e43,84,19,conversion,2021-09-20 10:06:07.175797,Email
a1d3578f-8ea1-4fa2-8159-213530da43f9,71,112,click,2016-10-23 08:58:06.453435,Direct Mail
df4f2666-8696-4c80-b84b-5272cb3b35a5,81,319,impression,2022-04-10 09:52:56.180950,Online Ads
06e1f22d-c251-438b-9516-df67713711dc,7,355,page_view,2016-08-06 12:05:56.597559,Email
b1a8e3ed-3441-44f3-9aef-609977dc1370,45,500,conversion,2017-09-07 19:28:34.769293,Direct Mail
ff240d74-31fe-40ce-9485-7bc36eb2223a,10,300,page_view,2015-11-08 08:30:38.474743,Online Ads
b128af9b-0535-4705-aaf8-785267cfb26e,100,35,impression,2014-11-24 20:21:14.453951,Online Ads
28d9c66e-dfb1-46e1-9d5a-30ff0583db0a,28,214,click,2017-06-01 15:48:54.361969,Direct Mail
fa8171cc-50c4-4342-8b3f-0b981fab9a75,7,191,click,2016-09-01 13:15:38.574225,Social Media
1375f481-7673-4e82-b475-559dea73e436,77,326,page_view,2019-01-10 08:30:28.409852,Email
541283eb-1185-4f0e-9607-a26745c92402,57,205,click,2020-07-19 09:53:49.425431,Email
dac23dd4-7fd0-414a-9f9c-70cd648f8737,98,323,page_view,2016-10-09 06:54:40.580099,Email
157bf474-f091-4904-97b9-5e9c948b3fcf,95,460,conversion,2019-05-25 04:20:52.578272,Social Media
193ee09f-5716-4bea-a93d-2a1d71518292,34,313,click,2021-03-16 06:00:43.525315,Social Media
007b87c3-4daf-4044-86db-b9a2fe17412b,18,429,click,2015-05-03 23:29:39.770316,Direct Mail
f6644ebc-1368-43f8-93fd-205587faf94d,57,143,page_view,2020-07-07 00:01:19.162905,Email
5bbc4090-7ead-4aa4-9599-6bdbcc772d2b,16,393,signup,2019-10-11 18:51:01.069427,Direct Mail
bbe98e2a-9a69-4cce-9705-275f555d3984,48,12,click,2016-09-22 02:32:53.799799,Online Ads
c098e767-a4a3-4801-a228-31118462bc10,25,423,signup,2015-07-29 01:32:45.117569,Online Ads
dfbb1bc0-df35-45da-8db9-2612eb9ef395,26,378,click,2024-11-04 11:13:47.486840,Online Ads
805f2f29-45e8-4dc3-aa89-182070edff09,58,182,impression,2024-01-25 21:02:37.686817,Social Media
0b941d46-b581-44ff-9fbb-f7fc0f8fb10f,80,165,click,2015-03-24 08:59:24.656881,Social Media
a42750d2-b606-4362-ae38-8ecaba10fe79,72,202,click,2016-11-16 09:49:59.195562,Social Media
f09dfad0-e481-4b6a-b167-7f3e43bcc086,75,31,impression,2024-07-24 03:59:50.374259,Direct Mail
c6b9b87f-7511-4592-b426-9ac1423675b4,64,150,page_view,2016-11-01 02:39:49.055225,Direct Mail
a783af02-b0fc-4007-955c-8793e784b283,57,436,conversion,2020-07-10 13:03:07.214059,Direct Mail
57f07d42-ec82-46ec-b288-a1b4fe716034,27,396,conversion,2021-06-29 11:25:30.565523,Email
f7ab23df-3250-425f-a0a1-d213407fcac9,34,339,signup,2021-04-04 17:30:08.909012,Online Ads
702c1315-06bb-469f-858c-330ad6d918f5,18,255,click,2015-05-26 12:12:07.789812,Email
c48ea89a-2db8-468d-aba3-f7a9f3cc10a8,22,30,signup,2015-01-01 20:52:52.125836,Email
5919fea9-bdf3-422d-8d0e-c23b83291b95,92,14,impression,2016-07-25 23:18:59.347341,Direct Mail
fcfce581-eda7-4d4e-bdb7-aee0c6fc3582,70,46,click,2019-07-31 20:20:42.287838,Email
7240c5d3-e851-4555-9c33-bed430c8fdba,1,128,impression,2020-01-04 09:03:26.838876,Email
e6c1f531-3a9c-4a30-99bf-7d81d346210a,65,78,impression,2020-07-01 21:42:07.094646,Online Ads
410183b8-e89e-44c6-a3bf-2051600113ec,13,417,signup,2022-01-21 22:39:14.510138,Email
884a16d4-0d06-464b-8191-dd34698570ea,79,13,page_view,2016-10-01 19:33:23.151552,Direct Mail
6c007553-5eae-496f-8d82-53748b1a6931,45,251,page_view,2017-08-18 17:14:56.540501,Online Ads
bc662546-efdd-433b-821d-77b206ec3c5c,15,454,signup,2014-11-26 21:51:36.323830,Direct Mail
fca473f1-cdf9-4ea9-845e-1a5aae308bff,3,256,signup,2016-05-10 18:25:05.989408,Online Ads
3d3754e3-503b-4a28-a19b-14b3f26c15da,77,25,conversion,2019-01-18 19:50:45.631661,Social Media
df2bed77-8521-4fa5-90a6-469a704e77ab,96,344,signup,2018-04-11 01:16:14.675783,Email
a423c274-c05e-4807-aaf8-0e58765e387c,83,73,impression,2021-04-23 02:20:04.529446,Social Media
a8a1c4d7-538f-4d2a-8c07-ea6880a3aa16,60,354,signup,2023-04-30 23:34:52.139076,Social Media
275b2cad-8cfb-48f4-abaa-2aeb8fc4432d,3,175,conversion,2016-04-20 05:12:14.652093,Email
05369638-987e-42ca-9cc5-3d35529e5ac0,3,382,impression,2016-05-12 23:48:27.036228,Online Ads
58411715-a615-47cb-95cf-da91d79bfbd7,53,183,conversion,2023-09-01 16:06:18.670275,Social Media
01b95f4c-5650-434b-8956-177d41f32390,68,301,conversion,2019-12-13 00:26:32.445666,Direct Mail
5a6538e6-6a41-4cef-8e6a-98f6d39c9bd4,52,463,conversion,2020-01-18 18:19:33.568263,Social Media
58dc2463-6e41-486b-87c2-f001ae955d78,75,231,conversion,2024-08-24 19:06:14.068582,Online Ads
81222566-716a-4171-83a3-1786da00edb7,9,273,click,2023-03-17 21:05:05.616701,Social Media
0e4b56d6-0bd0-4005-930b-07bb48158f34,30,278,conversion,2019-04-14 11:42:37.028247,Direct Mail
e7d6b254-73fa-4b97-aa7e-874982cd9c40,82,156,conversion,2022-06-11 16:48:11.119781,Online Ads
4dc150ef-3f18-48b6-83ac-81bb5027692e,29,343,signup,2022-09-18 21:17:22.756841,Social Media
0372832c-def5-4517-bb99-31bfb17976f6,83,331,click,2021-04-19 00:14:29.262284,Email
6e438112-13a7-402a-964c-71abd5784dd1,66,169,signup,2023-12-08 23:48:52.697782,Online Ads
4184da62-0fc2-43da-9348-857bc4bc7cf8,95,240,page_view,2019-06-04 13:55:40.160050,Online Ads
5a8f3e22-c23c-453b-9a3a-4cfee405ba75,57,201,impression,2020-07-17 02:24:23.318419,Email
ba4c21f6-9841-4d00-90e6-4e1dd66942cd,68,367,impression,2019-12-15 03:11:49.413496,Online Ads
0a132801-615f-4991-b305-eff233a1404f,24,364,page_view,2022-12-30 07:51:36.822826,Email
ab1307f2-9513-4c66-a501-17d0bbbb2dbb,2,82,conversion,2022-10-27 18:03:26.993033,Social Media
a23f2d9f-1339-40bb-aade-416899095c8f,44,81,impression,2015-05-21 07:56:05.864937,Online Ads
8b38437e-5fda-4b25-8286-865800c2c59a,52,371,click,2020-01-18 01:47:13.183323,Online Ads
c69f0e4d-3b4d-4456-9316-390219e297fb,9,405,impression,2023-03-31 14:20:27.989129,Email
9ecca611-673e-4b8c-b86c-9d76a7467298,97,417,signup,2023-04-16 14:32:52.555344,Direct Mail
277d9a80-560a-4e13-9829-a9f960b85d1c,1,421,page_view,2020-01-06 10:12:46.657341,Direct Mail
203f1e5d-dc3a-4351-8247-dd7adf09359f,6,46,click,2020-12-19 00:56:30.085971,Direct Mail
be27d920-5c78-444c-a17b-8163ebfc75a2,55,448,conversion,2015-04-12 10:50:42.371789,Direct Mail
445115af-9dfa-49dc-9e1d-b4a6ad6a9b25,91,159,impression,2017-09-09 01:40:59.237064,Online Ads
ec6ceda7-dcee-4ac1-932d-1e94b3e19abe,54,185,page_view,2021-06-22 02:07:41.119742,Social Media
69b4ea01-bfc8-4f1b-9b04-c15001f588b4,97,296,impression,2023-04-14 02:06:45.906442,Online Ads
44b30c05-9883-451e-983b-582e51f7108e,33,360,click,2022-10-22 22:09:42.052500,Online Ads
e353ad12-62cd-488f-9c20-9ee6973bc962,93,151,conversion,2021-08-20 15:21:32.634058,Email
b0a60cf4-b63d-4272-bb7f-dbd80fb67cbd,74,282,signup,2020-01-27 19:55:50.258595,Social Media
be5ad18b-67c4-45a8-a5b1-bee176b36a1c,26,383,conversion,2024-10-21 16:42:28.771401,Direct Mail
9339e646-9477-4250-9a25-88d8e30397ec,78,387,click,2024-02-01 06:32:12.586112,Email
baef6788-3502-4b28-930e-d1d045633a61,33,151,page_view,2022-11-20 06:01:28.801282,Direct Mail
588ab929-edd4-438e-99c3-475f57ea5d76,6,71,page_view,2020-12-21 04:12:09.088051,Direct Mail
24c2639e-b8e3-489c-84a3-18301405ee95,43,116,impression,2020-12-16 02:59:18.829687,Social Media
091fc946-9f49-43f6-9a50-d4eb16b59a5c,10,177,impression,2015-11-10 22:34:28.857972,Email
f04b5629-72fc-4a78-a838-1bb024477b83,62,9,signup,2014-12-01 15:51:06.420198,Email
46b96303-f5bd-48e8-9c63-6f09f0e6d9c9,38,362,page_view,2019-08-31 17:29:59.468760,Direct Mail
f2234115-117c-42ee-80b4-59d857c8e089,67,218,click,2014-10-14 17:59:23.310938,Email
900c5860-3da2-4b5c-8692-2b41f1e2ad4f,46,32,page_view,2021-04-02 13:01:33.902079,Social Media
6bd4cc01-086f-4470-95c3-8720ee2643f2,31,477,conversion,2018-04-10 09:08:22.533795,Online Ads
7c52870f-3bc7-4e08-8c6f-5c3723539c64,68,77,page_view,2019-10-29 11:05:56.073219,Online Ads
118b3e81-81da-41a4-8cf8-eb20e4e46631,45,140,click,2017-09-08 01:53:27.291319,Social Media
9ff663b7-8ad6-4582-8247-558e6af10123,26,399,signup,2024-10-30 20:44:19.479112,Email
94287d5d-9cee-4151-bf76-28eccac79974,63,386,conversion,2016-03-18 05:23:54.853500,Social Media
e52f7378-e727-472e-af7c-936eb027bab9,59,412,conversion,2021-08-25 15:34:15.149892,Social Media
26fb892f-f83a-4538-a49b-81886cbaa681,6,421,impression,2021-01-03 11:32:11.127916,Online Ads
7d3694f7-a1a5-4c5e-809f-24f327826ac3,87,31,click,2022-02-10 09:35:03.353225,Direct Mail
a9420d82-c158-4246-a285-d55e6292213f,66,220,signup,2023-11-28 20:39:49.385844,Direct Mail
f4aefb50-953c-422e-a682-ba483c0a12c0,43,1,click,2020-12-10 05:18:03.142325,Online Ads
d0c25ed3-5f78-494e-ac8d-18b3736e0079,25,498,conversion,2015-07-29 16:21:49.932029,Direct Mail
d926bc03-2f97-4a33-b82e-c49853c0baf8,82,324,signup,2022-06-27 02:01:27.849946,Email
33a4ab54-9893-4f98-a107-a5e718538d14,51,440,signup,2022-05-27 00:07:39.848915,Social Media
8ec3db00-95f1-40f6-bb53-91a7ac32c7a6,50,35,conversion,2023-12-07 07:20:40.788303,Social Media
12aad029-aeb2-4fc8-92e0-96a3e8ccb8ee,36,44,conversion,2018-06-23 08:50:11.519058,Email
3f3fa17c-2e8e-4f95-95f3-9f20ef3fa6ca,29,77,page_view,2022-10-18 21:03:30.695565,Online Ads
b4535c17-da3b-4e6f-b1e7-43145ee8b8e2,56,213,click,2019-02-15 13:30:06.393606,Online Ads
f02bc103-0a41-4676-9fa3-d321f36901b1,66,452,impression,2023-11-23 22:51:02.188262,Online Ads
66207b05-3cfc-4b4c-92d8-ccd653c3be52,84,124,signup,2021-08-30 18:29:08.524603,Online Ads
de516c62-8dc6-4666-b881-67dcb991f51c,10,228,page_view,2015-11-04 01:32:08.084049,Social Media
12b32957-2ef3-4823-9896-0dc416d40ac4,90,231,conversion,2022-06-12 23:30:52.594896,Direct Mail
3e43234c-3410-40e1-9897-fdf6396124f6,98,199,click,2016-09-26 19:47:27.414876,Online Ads
5b2d118f-264e-4e15-a257-0dfbe2e143e8,51,16,click,2022-05-20 20:31:47.562650,Direct Mail
b42515f6-98f9-4051-b716-57ed2692adcb,86,131,click,2024-10-04 04:41:17.430639,Direct Mail
26d094db-e846-43be-ab9d-c641d9ea7933,40,14,click,2021-05-03 14:37:51.648360,Email
21a50434-c5ab-4f09-b5f9-c271e6032978,94,302,impression,2023-02-02 07:28:35.935671,Online Ads
fb7c3218-c2ec-4163-a48c-8307b0082a1d,53,347,page_view,2023-08-28 05:31:48.872011,Social Media
35f7aa0b-d036-4178-acb7-57f4f122d939,87,169,page_view,2022-02-28 22:34:24.410934,Direct Mail
58ca0193-6608-45b3-898a-72b4be2b0eda,17,229,page_view,2016-02-13 11:50:55.628941,Social Media
64e8cc93-eaf5-43ca-8549-8966956d4261,81,414,page_view,2022-04-04 10:10:44.880553,Direct Mail
725e04ea-09f7-4329-8149-cf7c4f89b7f8,62,246,signup,2014-10-31 08:34:16.416460,Online Ads
dcb30dc3-eb4a-476e-8645-851dd78e0bf6,18,115,conversion,2015-06-02 22:51:02.354223,Direct Mail
185e0256-f228-4a96-a9d3-0346b5356740,45,59,impression,2017-09-20 12:41:45.018601,Direct Mail
a2f56acc-16c5-4bec-9311-32705e4df19c,35,338,click,2024-08-18 00:57:13.005861,Social Media
756ef63d-07c7-49eb-94ac-b53bbdea8a6d,69,332,impression,2024-04-06 11:15:11.636426,Direct Mail
30d87c92-159e-442d-971c-d55e48a18333,46,409,signup,2021-04-05 05:32:50.338058,Online Ads
0da1d797-e010-454b-8427-41e0af3af0ee,29,468,signup,2022-10-11 14:05:16.202559,Direct Mail
cd193b2c-db08-4917-943a-ff34dafe7b0d,23,233,conversion,2016-08-04 11:28:22.595398,Online Ads
0930b1d6-b234-4e11-905c-825694abdefc,34,8,impression,2021-04-26 01:03:20.777165,Online Ads
7dcb8ef1-5ea1-411a-b8b9-434a7782d788,75,325,page_view,2024-08-25 02:40:27.240360,Social Media
f4082c3d-cc0a-433f-9da2-0f3861293fea,78,230,conversion,2024-02-10 11:10:56.703443,Online Ads
2d21e5bd-281e-4452-a004-4d2a5be4276e,85,153,impression,2022-10-21 13:26:49.594771,Social Media
af6b9a6f-5b17-4cca-80f6-ba11e657c22d,88,26,page_view,2023-07-01 17:59:47.767865,Online Ads
ae9c5c71-a855-4d42-8261-ac87b849bd01,57,18,conversion,2020-07-10 16:28:14.508451,Online Ads
eaef21e1-15e8-4b50-910a-e6d13be14e25,51,184,page_view,2022-05-11 03:23:08.482860,Social Media
a169d51a-1df3-4927-9e4a-0a4e7883ec59,79,339,click,2016-10-09 05:40:45.373333,Email
5428ec8d-dac4-4fdb-9210-9c884d3a86d3,72,374,signup,2016-11-19 14:04:28.287511,Direct Mail
eec2b37e-79a6-4484-9bee-d67c0a3e7f25,78,85,signup,2024-01-19 10:00:58.774799,Email
b09a03db-ea88-421b-861a-f8b304bbdb63,31,262,page_view,2018-04-03 17:30:18.291588,Online Ads
d85af9ec-7ae8-43b6-a2d1-4bf382670e37,93,76,page_view,2021-09-05 10:10:54.546772,Direct Mail
feb6fd96-1efa-45d6-938a-5e262d74001b,9,436,conversion,2023-03-20 12:58:20.316397,Social Media
95c04c0c-9c8b-476c-9811-6c2f4b688115,84,399,conversion,2021-10-06 18:34:03.691349,Social Media
d9b2a851-430c-41d6-bb1f-bd3974b21eb1,75,318,signup,2024-08-11 11:30:10.442751,Social Media
1f8df89e-17e2-4263-8113-36db897408ed,40,139,impression,2021-05-12 10:45:07.940614,Online Ads
98a37fab-9229-4389-8e08-5ce838d38d2e,8,80,page_view,2020-09-26 06:27:41.563709,Online Ads
b8bb5bb7-1128-49f6-8e2b-3515998b5b74,69,392,click,2024-05-02 02:32:56.976064,Online Ads
448a1611-e6f4-40d3-9c97-3953bfb9a06f,90,218,page_view,2022-06-15 04:29:21.395656,Direct Mail
f5f3e7c2-3b1f-46d8-a432-3a79c0d54cc3,90,371,page_view,2022-06-07 03:07:33.687086,Email
70a35b54-e9c0-422d-acb9-789e74020d72,70,365,signup,2019-08-27 08:35:09.503069,Direct Mail
ca8868be-8f3f-4d7f-ab9b-642851bc6613,33,481,impression,2022-10-20 19:04:11.406992,Direct Mail
f553a02a-245d-4a04-b727-f99531a25f65,22,158,signup,2014-12-24 18:44:09.073836,Direct Mail
56c2bf9e-e5b8-44c6-bed5-82a558b1599d,45,229,page_view,2017-09-08 09:00:13.637819,Direct Mail
1ebb64d7-bae1-4e20-8adf-e3105c90d871,25,246,page_view,2015-07-20 07:20:51.121029,Email
9f1b4743-cb35-4166-bb69-89540c5870ed,44,456,signup,2015-06-21 17:43:37.142839,Email
33f4ef10-1b05-447b-9cd4-d6c1ef5e5cfa,52,81,click,2019-12-27 07:49:12.658000,Direct Mail
91a8a5e4-2246-4c54-b50b-a254b4defdec,28,194,signup,2017-07-01 08:10:57.782782,Email
60e5bdaf-84fb-475d-92c6-7b6e47300322,68,370,signup,2019-11-10 21:15:00.628751,Social Media
2f3d189c-69f9-4d8f-b62f-0f1aadfd3c96,3,358,impression,2016-05-19 18:40:07.532726,Email
5068e18f-34a4-4ae2-bbba-9945f8dfe5af,73,354,click,2015-12-27 06:25:14.628884,Direct Mail
9e9e6a86-9d47-44dd-81b9-8da6a3af5596,55,213,click,2015-06-24 16:34:53.436758,Direct Mail
a5fbc76c-bf0e-4095-98c0-bb30ebc3c9f5,22,160,signup,2015-01-05 21:48:16.016264,Direct Mail
f9aa4540-37de-416d-a7b6-27c1a19f3e66,51,89,click,2022-05-18 22:55:58.848875,Social Media
50145d35-240f-4ff5-95b2-8e8297d363c6,24,160,signup,2023-02-16 11:23:20.596354,Social Media
511a974e-1bda-4714-be2e-197991eee84a,64,208,page_view,2016-09-29 22:44:38.173296,Direct Mail
4341af5e-608c-4124-851a-95dcd1fda77a,57,22,signup,2020-07-08 02:23:04.130300,Email
0a57ae0c-077d-413d-871b-7cb2a99f3308,57,48,conversion,2020-07-15 06:38:59.860740,Online Ads
84d47f8e-3990-483f-9aaa-a1ea64674a85,43,234,page_view,2021-02-01 15:11:26.302907,Online Ads
c3ce2786-f4b1-4de6-a40d-cd2294a5943c,89,89,impression,2017-10-21 01:16:34.330013,Online Ads
a0412ec9-ebaa-406e-b504-d4f41b4a3290,20,306,page_view,2016-09-16 13:14:34.055470,Email
188e452c-0f14-4c7b-a958-5d60547d0024,4,402,page_view,2015-05-01 00:12:26.695508,Social Media
4adaf9e4-2db2-448b-96db-eee165482036,38,389,click,2019-09-05 02:21:39.002337,Social Media
0fb43224-1e07-46df-936b-61be4cf9e70e,100,227,impression,2014-11-10 06:46:00.155717,Online Ads
a9d4a51f-bfc8-4d39-b1e3-48fb2ac58f1e,44,138,impression,2015-05-17 04:07:09.002088,Online Ads
c724c006-75dc-4742-9a4e-2ccab1b5b3db,62,427,click,2014-12-15 09:17:47.398762,Email
efa578e1-be1e-4e51-9434-a8cfde17977f,45,449,conversion,2017-08-01 14:08:34.527751,Social Media
4e3531ed-8709-4563-9fb2-f1c07c2389ff,9,286,click,2023-03-20 14:08:55.348411,Online Ads
51461ca5-ab41-4a84-bbff-44e090e37338,11,228,click,2024-06-09 23:59:31.910050,Email
15361300-4fd9-4f18-9007-a16db64c0243,58,422,click,2024-02-09 19:17:18.940369,Direct Mail
62a22f95-e365-4136-af6a-a32ae32b2e97,59,242,signup,2021-08-27 11:30:52.113460,Social Media
1d8dd1f7-b3fb-43dc-b18d-5b195ed8d572,15,108,click,2014-11-17 06:39:26.899904,Direct Mail
20192ea6-7951-415f-bb47-b2b9bb898294,39,161,impression,2024-03-09 05:53:44.022642,Social Media
ae553310-1d4e-4efa-aa7e-911be80b6ec4,25,205,conversion,2015-07-18 23:29:52.238642,Social Media
c838ed02-c7d3-4314-87fd-8eabde4b558f,2,438,impression,2022-08-27 17:08:38.284975,Online Ads
1b6d1929-b64d-4d24-97b6-f7a6ba7da343,32,125,impression,2019-04-19 05:46:06.740540,Email
99961cde-eb97-42d1-a68f-8fe8534ea823,5,52,impression,2022-01-28 01:29:24.866327,Online Ads
da05ef16-85f0-4fcf-9785-e718c116d858,39,358,signup,2024-04-13 07:29:06.245874,Direct Mail
45845aed-b585-470d-bee1-b4d1c64da123,77,36,conversion,2019-01-09 04:31:48.542023,Online Ads
bef33232-cc37-4e54-aeab-35a766b3a635,97,230,signup,2023-06-02 05:16:32.577660,Email
def0179a-474e-4533-b6b5-14ec636fe142,90,413,signup,2022-06-19 17:06:25.636317,Email
d50445c9-a0ef-47d5-90ba-07dd3c98d6c9,69,337,impression,2024-04-17 23:35:15.914104,Online Ads
297c0d55-16c7-4a5c-b449-52607b214779,71,101,impression,2016-11-17 21:14:27.908878,Email
d8a7cec5-f776-4d4e-86a2-81002e41d11f,9,461,conversion,2023-03-10 06:05:40.783233,Social Media
a283ff6d-9ccd-4a19-a828-6ae1802e650c,50,412,impression,2023-12-02 01:31:49.588368,Direct Mail
dcba179c-4fe4-4486-aa22-1957db7660b0,61,316,page_view,2020-05-09 06:33:21.032608,Social Media
85027dd3-8a0a-416e-9814-7b937c1470bb,56,257,signup,2019-03-08 19:17:23.512351,Social Media
6a466d12-3f75-410a-8829-848e1383c0e7,39,343,conversion,2024-04-14 02:04:44.412202,Online Ads
32549a28-35d8-481b-94b5-368f13b1cac8,15,16,signup,2014-11-16 10:53:41.403082,Social Media
322feaf7-e32a-4207-bbe1-9b2f825f4a10,53,441,signup,2023-08-17 22:38:13.457239,Social Media
161e18f9-70a0-4bd1-8516-f8efd4e7efe1,82,14,signup,2022-07-09 14:38:02.948256,Email
95395baf-19f3-448f-aa39-05eeb0064235,75,151,impression,2024-06-23 14:14:08.940266,Social Media
a0d9cae4-fd7a-472f-8d42-48f4d72473f0,97,40,click,2023-04-23 02:23:24.360487,Social Media
e23c5a74-de5f-4dc2-b2ea-5fca7f4b6303,35,229,conversion,2024-08-19 10:10:58.101161,Social Media
cc807f98-3114-44a2-b48b-7c644d90f188,81,175,click,2022-04-22 12:43:59.705449,Direct Mail
817cf5a7-9073-4231-8054-f64e9b5daf1e,78,340,signup,2024-01-30 17:10:09.185248,Social Media
53f318ca-3f47-4cdb-a3a5-60b3a34fbf12,75,378,impression,2024-08-06 13:24:14.492872,Direct Mail
ee08b2a9-9828-4193-b408-e5ea645b61f7,18,448,click,2015-05-21 23:41:16.485026,Email
d9c19f40-0196-4822-957c-2e05315452b3,18,477,click,2015-04-23 08:43:15.035697,Social Media
2b991977-fef6-49a3-be84-5a5a79902f62,66,78,page_view,2023-11-21 17:21:37.509914,Social Media
d5f4bc9e-835f-4104-b64a-f147cedfb52d,76,388,page_view,2015-02-02 20:33:49.318722,Email
e3371d78-3072-4305-9295-9a60e335bd87,14,189,click,2020-11-27 17:10:10.888290,Online Ads
ce63f715-1935-4166-a9f8-f1ccf804513d,80,179,conversion,2015-04-10 16:56:53.000264,Direct Mail
26f52035-8393-4fef-a0bd-e1e9de0ff7fe,72,386,click,2016-12-26 10:43:02.150594,Direct Mail
7c1391f4-d58c-466d-b334-e3e2fe6ae668,66,18,impression,2023-11-20 05:39:58.146289,Email
3c5a30f8-e0ed-4f69-b437-46e76bdd1525,40,373,click,2021-05-29 15:36:47.229469,Email
9682fab8-5266-4319-ab42-93c2f389ce04,42,350,conversion,2018-09-21 07:42:14.723758,Direct Mail
5f974f9e-f63f-4de5-904d-d206e80dcb0f,90,394,impression,2022-06-16 11:40:47.355000,Email
f0b00375-e03d-4d90-8b8b-a94e5c17998b,36,109,impression,2018-05-16 15:09:17.489150,Direct Mail
0ac9d020-2a6f-48f9-b2e6-c96cab0b85e5,1,469,conversion,2019-12-31 01:02:45.747007,Direct Mail
2a4f42a3-3195-48fb-acb9-e132a2c25b0b,14,377,click,2020-10-15 23:40:25.147884,Email
6c7ec06d-b590-468f-aa71-dcc4a47ee195,45,137,page_view,2017-08-26 05:10:44.281981,Online Ads
0003ea04-3fe5-4756-8ab9-c4a249071c4e,80,324,page_view,2015-04-09 23:01:59.362772,Social Media
e4fd9e10-4aec-463b-8354-f2d1b2c4a19f,74,42,signup,2020-02-06 09:51:12.817092,Email
adb67078-6dc4-4713-9f85-958d92306a65,80,410,click,2015-03-25 08:15:35.424495,Email
6f727f55-e5fe-4735-aa72-881d060e1a60,31,195,conversion,2018-04-02 11:48:48.559273,Email
a773fbe0-1fab-4851-ae74-6912da3603f3,41,489,page_view,2022-01-04 00:50:40.531439,Social Media
7648d526-3ede-43c7-bb8a-a52c0b90f7af,3,466,conversion,2016-04-24 13:36:43.703161,Online Ads
2f783184-894f-4015-b15f-76b9399ae73e,51,13,page_view,2022-05-09 08:56:23.207143,Email
78a00d31-497a-4fae-822d-38429f907f04,10,216,page_view,2015-11-13 14:42:54.088412,Email
2fa54582-7338-47f7-98d2-c154d7330eb6,14,388,click,2020-10-08 03:26:21.281990,Online Ads
26de0fd4-5aea-4f04-9979-9ee82d38dfea,85,111,signup,2022-10-17 15:44:49.236233,Email
15ec6bae-ef0e-4bb1-8896-9868a88bf2fd,38,108,page_view,2019-09-03 08:58:23.221185,Online Ads
137dc3a7-4ceb-4a74-aff8-53628256a79e,47,324,impression,2017-09-16 14:56:47.822022,Online Ads
52931a1a-0259-4401-b5ba-17850b0a3c34,78,253,impression,2024-01-26 00:47:42.608889,Social Media
3f098b13-4efc-4974-a8d6-d67231f99801,8,2,page_view,2020-09-14 22:49:37.491353,Direct Mail
8a2b2353-179a-434d-b4cf-5849eb7dfc1c,5,485,click,2021-12-20 04:26:33.275015,Online Ads
5e36c7b5-db3f-4fc0-bb9a-c641a3341206,26,172,impression,2024-10-03 08:23:42.992200,Email
35e0d1c0-53b1-4941-88c0-110e50ceb98f,46,113,impression,2021-04-08 06:00:08.122665,Online Ads
789f4b9c-db85-4322-a89c-36bf87e9281c,56,382,impression,2019-03-15 10:28:21.028495,Online Ads
a9ef8fbd-ee68-4065-b9d4-7191631b1eeb,87,288,page_view,2022-02-11 09:58:16.838111,Email
0dcd7421-17ba-49b5-a4d7-b5c40de7deae,39,306,signup,2024-03-03 16:31:37.865339,Email
0b5ab265-f158-48a4-a334-bc1f6337c9c4,36,283,conversion,2018-05-15 08:43:51.055689,Online Ads
c0f17125-c451-4442-899c-ed3540e542a8,13,350,signup,2022-01-23 14:32:31.256183,Social Media
55ca38bb-478e-4222-b68a-d3fd5d075ec1,37,17,conversion,2016-05-29 15:05:43.533020,Direct Mail
904e5464-4274-4782-955f-cd48cd213bc3,38,52,click,2019-09-14 15:06:57.739554,Social Media
9500ea37-08e1-439c-b3ec-c0c13f1210fc,48,102,page_view,2016-09-16 11:48:20.437630,Email
fe795a83-816e-4a74-ab42-9d698acec29d,81,1,impression,2022-04-21 00:31:50.083421,Email
16bad0b9-7b92-4559-ad4b-0a022d8f8680,89,203,signup,2017-11-11 20:31:47.037706,Direct Mail
bfd1b358-5dd6-403e-bee8-92e7cbf122b6,4,320,conversion,2015-05-22 04:00:42.574795,Social Media
2a030751-9f57-4a10-8ec6-1a92ee397240,43,347,page_view,2021-01-07 06:39:37.836766,Direct Mail
8068c056-551c-4243-bb18-7213f44d6a5a,68,449,click,2019-12-10 05:56:40.486844,Online Ads
51c1974d-8615-4565-89a5-3c506727b914,89,97,page_view,2017-11-24 18:30:12.792776,Online Ads
4e0637c8-aef3-41c4-aea5-a534f224c6d0,19,303,click,2017-07-16 20:21:36.444051,Email
47b7d8df-174e-4475-9236-872a67adb068,66,347,page_view,2023-12-05 13:50:21.831032,Social Media
1ebb2cbb-d653-40a8-ad1e-c875a56b51a8,42,397,page_view,2018-09-14 09:43:06.564840,Online Ads
2286f5d5-30f6-405b-9377-440bc0a554ab,62,264,impression,2014-11-05 11:22:06.281043,Email
bd66d2aa-bb4b-40d7-a889-d6949ba251b5,25,245,click,2015-07-23 04:47:01.559299,Social Media
e9896982-a801-4a85-b3e1-3c2a4c908d62,58,242,impression,2024-01-30 04:57:52.943419,Email
546c4b5e-ad42-4120-ac62-61e6909c5038,20,27,conversion,2016-09-21 16:03:45.670464,Direct Mail
de6e9b71-9177-43a6-84b4-c116b7d6fe03,40,266,conversion,2021-05-14 18:49:30.707272,Social Media
f5fd3631-a5e7-4a58-bce9-8dd1c6a1a4ee,33,267,signup,2022-10-26 16:44:54.028409,Email
54dac4d8-f699-41f8-ad59-74c58519e105,33,500,click,2022-10-23 20:14:40.348243,Online Ads
677145d6-2d2f-47e2-9d81-63db28c90dbb,89,335,click,2017-11-09 14:19:45.171808,Online Ads
bd1a93c2-0bcd-4a0c-a189-e4fc8c615282,2,164,click,2022-09-22 03:53:53.213881,Email
20944f55-cd85-4505-8cfc-df89894c2f79,71,52,impression,2016-11-07 20:12:47.592595,Direct Mail
e552e063-347b-44cd-9480-a004461545eb,10,254,click,2015-11-04 04:34:44.522953,Email
1644e073-0438-424b-b5ec-270f24e2daae,5,496,conversion,2021-12-19 12:28:17.222197,Online Ads
286dabd8-cd2e-40f1-9c6d-379024d0f223,14,371,impression,2020-11-03 03:04:17.756713,Social Media
e1771865-a9fb-4d99-abe7-ab3621057247,86,129,page_view,2024-10-13 03:39:51.268850,Email
fce152b3-6488-4cf9-a12b-2d7b6350091d,2,448,page_view,2022-10-29 01:13:42.096082,Online Ads
ee5c6ee3-ddd8-4202-882d-ebb4e37556b2,87,167,impression,2022-01-30 10:13:47.479909,Online Ads
a3fe6f7e-c78f-4cc0-b16a-32699a473fda,42,453,impression,2018-09-22 17:39:38.884274,Direct Mail
91d20cb8-2773-4bf7-857b-0639d167d707,19,166,conversion,2017-07-03 03:24:26.684539,Direct Mail
a2219948-efb8-4852-bbd4-641cbacdaf1a,13,480,impression,2022-01-20 07:11:57.619303,Direct Mail
eb229f1a-de27-42bf-a1ea-eb2ad7f45608,8,33,click,2020-09-08 05:33:11.816332,Social Media
110d20b3-3173-41cd-8e34-8d5a9cd54129,85,67,click,2022-10-13 18:08:33.475334,Online Ads
f9f639ff-8d6d-4e44-b46b-75f6d12f2e28,19,302,conversion,2017-07-15 14:15:24.730823,Email
80c91df5-4267-4a6a-8253-9787c74a39fe,15,57,click,2014-12-06 18:39:48.089933,Online Ads
7404901d-4c06-4d74-83dc-29bfe0f168e8,66,497,impression,2023-11-23 04:05:51.971833,Social Media
d1009657-8890-4313-bf0d-43133f7ca56c,33,385,click,2022-11-01 04:37:28.213381,Direct Mail
ee537865-64eb-4113-99fd-d13917fc88bb,96,176,impression,2018-03-31 03:52:33.452709,Direct Mail
69d976f5-8b41-432a-bc94-b4877e2d9c52,10,68,click,2015-11-13 21:22:00.677153,Direct Mail
67a03ee8-aadb-45ee-997c-23fe91fd6fd6,53,366,page_view,2023-08-06 10:13:46.336798,Online Ads
c6c6bfc8-7153-40b4-9018-a0955150555f,67,46,click,2014-10-27 03:30:32.400236,Email
50efd34b-0925-4c57-a559-ac6869d852f2,10,33,impression,2015-11-04 09:49:37.301482,Social Media
415909c1-6011-430a-93c7-a540834affb6,29,357,click,2022-10-02 06:50:20.729594,Email
af61ce69-eed0-4a1a-b0db-cfe953db7820,54,233,page_view,2021-06-17 11:25:42.753073,Direct Mail
dad972ab-80bb-4630-ae3e-0f3a5317a74c,44,189,signup,2015-07-05 20:42:01.160880,Direct Mail
57170b40-5f3f-41b3-add0-9ca27ebcc7d6,24,114,page_view,2023-01-14 21:20:57.821813,Social Media
b3b10573-787b-49f7-89ee-1ac8ea8d1236,50,259,conversion,2023-11-20 05:44:36.623639,Email
095e8fa3-bdc4-477a-bd55-4eb4cb73697d,37,202,impression,2016-05-28 01:24:30.174062,Social Media
9fd026b7-8456-4ce1-ae08-5b5b4bebe1e0,65,12,signup,2020-07-29 14:23:28.956097,Online Ads
ddc7bde6-d9ae-4770-83c6-57217ad863c2,83,29,conversion,2021-04-23 04:21:14.234836,Social Media
ad0fdafc-ed20-4ae6-8cf1-9d2a2e3f87b9,94,293,click,2023-01-28 00:41:25.003265,Online Ads
76215130-2753-492a-b050-892f3438a481,94,315,conversion,2022-12-08 09:09:22.721941,Email
237b4c2b-b1e0-49d4-80c1-be036a93e14f,94,497,conversion,2022-12-11 05:02:46.148541,Social Media
33332830-79bc-455c-bdb2-ccdce834e5ee,56,279,impression,2019-02-22 05:17:53.064314,Direct Mail
4d851b20-a0b6-4e61-ba63-a77673d0fc7a,20,170,signup,2016-09-05 10:50:25.364544,Direct Mail
b8616f65-ffc3-4d2e-ba68-63c47e1df943,4,359,page_view,2015-06-10 12:37:51.818956,Direct Mail
b249d7bf-ad32-4562-aa82-134163343415,24,240,conversion,2023-01-22 23:55:58.633265,Email
9a010241-173d-478d-b0da-b2345f1b6c76,48,299,click,2016-09-10 22:50:33.894107,Online Ads
dea862c1-dca2-48fb-a010-0b0d063cf109,95,236,page_view,2019-05-07 18:22:52.039423,Email
357f9564-2b36-4383-9404-320a69de94a3,48,174,conversion,2016-09-25 15:28:28.657866,Email
7424087b-7905-4100-af3f-c5a0d9c19f01,46,368,conversion,2021-04-13 09:01:49.577570,Social Media
e02ede66-2575-4ec6-a482-9a959d651fd4,32,321,conversion,2019-04-17 15:07:49.040616,Social Media
709dda7c-284d-4e39-8082-06ab9bf09fec,26,66,page_view,2024-10-10 10:54:30.907414,Online Ads
d61d1113-121d-4902-a8fc-08fbe8993b18,19,136,page_view,2017-08-03 05:15:55.094543,Direct Mail
e5055277-5a8f-4174-8ec6-a69065b7dd7f,83,344,impression,2021-04-23 14:27:34.787781,Email
f982e8be-16ee-4633-8a78-bdbc6a6b94c8,85,83,click,2022-10-03 22:48:56.146849,Social Media
0074ae19-dfc0-4bea-886b-037527794a09,80,39,signup,2015-03-23 05:08:11.133066,Social Media
40595c99-06ac-4532-9c6b-cabdb5755e4e,100,55,impression,2014-11-03 12:20:02.802070,Online Ads
845fb9bb-b3ef-45a3-a5a0-5737aa2c294f,19,17,conversion,2017-06-29 12:35:21.205345,Online Ads
4270fb90-08c2-4a6a-9916-a0b51cdc825a,97,57,impression,2023-04-18 12:59:47.769117,Email
8f9660e7-15b5-4dac-a78f-9512248ee4de,38,186,signup,2019-09-20 09:48:14.635933,Social Media
a8a6491e-b1c8-446a-9755-b64f3bb5656a,30,32,impression,2019-05-24 18:29:37.737818,Email
80686f86-4cf6-48b5-8022-bce7337e77dc,18,144,click,2015-05-08 01:10:31.390085,Social Media
dc1281e1-30d3-40a5-b505-b4719fc983d9,3,8,click,2016-04-19 11:50:45.968796,Email
28db2c31-b697-44ca-9e07-3eb13ff4757a,27,34,conversion,2021-07-20 17:47:12.556357,Direct Mail
d8e63a23-e812-4acb-9b46-dc984e0421b2,24,43,conversion,2023-01-06 20:04:50.872317,Social Media
56f9760f-28b1-486a-85ca-bb4890dbb79d,65,348,click,2020-07-20 16:29:38.899543,Online Ads
8634c33a-57ad-4216-8114-07a85e7ffc74,43,340,page_view,2020-12-02 08:50:05.147007,Social Media
9db7a4ff-1a88-4337-ad18-d0a9e14e3016,95,69,signup,2019-05-30 06:02:03.485507,Direct Mail
61b47cbb-c3c7-4a48-bf65-4d3fd7286a17,85,65,signup,2022-09-14 07:00:55.764915,Email
80951106-56e0-4437-8409-888a41339cba,73,239,signup,2015-12-25 19:39:07.534581,Direct Mail
1abc49c7-71a0-48e0-b8cd-c7e11240cd2a,95,495,page_view,2019-05-14 20:17:39.097430,Direct Mail
31aa4046-39fc-4b29-881a-398f5a53c827,90,95,conversion,2022-06-11 05:26:18.759582,Direct Mail
2f29d422-1910-4296-a969-de6673dc1e6a,83,400,conversion,2021-04-22 13:09:30.764840,Email
001e3174-d5ed-442e-98f3-2f64a40dc986,2,438,signup,2022-10-08 11:14:33.246421,Direct Mail
b9375cbf-59c8-4ccb-9cf1-7892f47be0b6,80,319,signup,2015-04-01 06:56:44.702262,Direct Mail
d9eb36b7-b54b-4d46-8bda-e156dbd493e2,58,362,signup,2024-02-20 10:39:44.006737,Social Media
63203b71-4f73-4558-8c5f-383428d04983,53,260,click,2023-08-02 04:32:17.513697,Email
22f2b50d-28fd-422d-8ed1-6ff0172af262,57,58,click,2020-07-17 05:03:23.610529,Online Ads
1cc029cb-91fa-4043-8af7-ddf2d6f3c9ea,64,161,click,2016-10-28 01:03:17.151572,Online Ads
b2680720-6fe3-40f8-a662-b5e83a87766b,82,95,impression,2022-07-21 10:08:59.630177,Email
f8925acc-bd8c-406e-9099-43034ec6f493,13,34,impression,2022-01-14 05:31:03.653599,Direct Mail
87f99a3b-174c-4fb8-94f5-3fc85f93ca6c,2,375,conversion,2022-09-27 12:40:59.399215,Social Media
37c1c0f7-617c-43d7-bf65-2820852c9012,48,478,page_view,2016-09-15 23:49:40.493118,Social Media
a2614442-cff7-420f-9ccc-13dfd422cc15,31,333,impression,2018-04-19 18:51:41.286478,Social Media
acabe2e2-9989-448b-b329-cb2dd8cd229b,98,283,click,2016-10-07 13:17:28.758853,Online Ads
ce0b0200-e219-4941-8a87-36e7c63419f0,30,109,click,2019-05-21 12:04:39.362871,Direct Mail
79d25e19-4cd0-4f13-b74a-09db908d83f2,10,221,signup,2015-11-04 14:32:21.925093,Direct Mail
491742e2-4645-43f6-8a79-6f00ee8d549a,40,467,signup,2021-05-17 04:15:15.114151,Direct Mail
6f730cb6-fc9d-4f57-ade7-2ec3ebf28305,15,58,page_view,2014-11-15 22:11:55.277245,Online Ads
7e5ef946-c7b3-44d4-bb16-3ad074d4b005,9,406,click,2023-03-13 07:33:51.322631,Email
52accda7-c938-4cba-8126-7f219e19df7a,48,253,page_view,2016-09-13 19:17:10.384727,Direct Mail
743efacd-12f3-4e5a-a47f-30319e972124,17,123,page_view,2016-01-03 12:26:23.294115,Email
645aaf6e-fef6-4daf-ae04-526b005f5955,26,254,click,2024-10-24 01:10:46.450797,Online Ads
52c15a4d-4c33-4bac-8587-f4db6bc94972,83,189,page_view,2021-04-12 03:05:02.861361,Direct Mail
733b9561-49bb-4b1a-85d3-63a20fbce2ce,2,94,signup,2022-10-19 23:55:00.314179,Online Ads
c93ff52c-b3b8-4e39-9ba6-ce63f720390a,52,446,impression,2019-12-26 12:54:21.465562,Online Ads
3bb29746-d441-49d2-bd21-968c59a4624c,44,409,page_view,2015-07-02 15:13:07.345279,Online Ads
e31d69c4-48b9-4b2e-be7c-da89d539805e,92,193,page_view,2016-08-03 18:59:17.945957,Social Media
1ab9419b-c9c2-4358-afdb-c08b0c815e1d,58,36,conversion,2024-03-02 08:40:02.115541,Direct Mail
6f6e8df4-d450-4d69-b5ce-a959e3043d36,45,443,click,2017-09-21 16:12:12.708632,Email
341d8368-e580-4bea-ab6c-9cc8ff295099,46,331,signup,2021-04-03 10:19:16.414161,Email
0b9f95e2-f50e-479a-9e32-29dabfc3ad9c,64,271,conversion,2016-10-17 15:53:06.465125,Online Ads
38ac2b72-85e2-4a4f-afed-42082d84d66f,20,376,signup,2016-09-15 03:14:42.187508,Online Ads
eb21a325-bf43-4131-8eef-d8aedd189d6f,78,131,impression,2024-02-04 16:43:01.195358,Online Ads
561e454f-60f6-4a40-bbb6-d3c74667036d,40,480,impression,2021-05-17 13:25:00.911614,Direct Mail
af4f47e8-44dc-4456-9010-9e22f34662d5,78,423,impression,2024-01-19 19:01:18.774595,Direct Mail
11707b84-4dd1-459b-b74e-3461c46e9826,50,220,click,2023-11-11 19:03:37.691795,Online Ads
eac5bcfe-60ee-4da1-80d1-28b951850100,40,276,signup,2021-05-17 12:04:28.239371,Direct Mail
223f82ba-c61e-45c4-a697-d415e28c24c7,69,269,click,2024-05-11 12:51:35.506538,Direct Mail
d2a9fba4-21d8-4fe6-a53c-4e6d24bb8b33,9,270,impression,2023-03-16 11:52:42.015837,Direct Mail
dd935b0a-ae94-406a-ae63-4e9a8cc2fbf0,92,226,impression,2016-08-03 13:04:27.073335,Online Ads
d53fe44f-51ba-446a-8049-77a11721ff99,58,238,conversion,2024-02-25 07:05:23.363620,Direct Mail
0a0bbde0-8cd5-4f42-b47a-3cfa714de560,95,150,conversion,2019-06-05 19:15:10.159560,Social Media
9fba76f7-1af5-4932-b1ca-8dd9db5936b9,89,125,click,2017-12-07 05:42:49.810025,Email
c0c429e3-8e7e-4f9e-a690-d512a4f9948f,41,213,signup,2022-01-11 13:49:37.907358,Online Ads
a0a7b6fb-c92b-4be9-8f1e-6bfc4cb07cfa,16,420,impression,2019-10-10 23:38:52.769410,Online Ads
162eb6f7-20aa-4ca0-8940-2bc6060ee6f6,36,322,conversion,2018-06-28 11:21:46.033942,Online Ads
7328db6d-3f89-4130-9f27-0cdd9aa3d714,59,327,click,2021-08-23 18:48:32.052949,Direct Mail
5ad332a7-ea32-4731-bb07-3eb679341506,77,402,click,2019-01-13 21:47:10.152869,Direct Mail
75874bd1-41f3-4dbc-9864-4a5f766b24fe,57,329,click,2020-07-14 01:22:30.724401,Online Ads
cfb5e9d5-1765-4a2d-8d02-9a3be2b34303,81,328,conversion,2022-04-06 13:54:25.995027,Online Ads
7d848332-feb9-45bd-84e2-be9b4530db30,3,37,signup,2016-04-22 15:48:13.624305,Social Media
75b36cff-5a6e-4f7c-87d8-12ca054d1cc7,34,54,impression,2021-03-26 01:09:35.810372,Direct Mail
e9fc5f88-d394-48ce-887f-0a4fae572ae7,23,493,conversion,2016-07-14 04:07:02.152050,Social Media
eb0ac266-0400-424d-921e-07bbfd9ceb8f,74,321,page_view,2020-02-03 16:27:55.221016,Online Ads
8b0e32d0-2c32-409a-a36a-303569b3f010,49,230,impression,2018-04-22 10:55:07.453835,Online Ads
98271b04-7278-48b5-b3e3-328ebdee42fe,7,188,conversion,2016-08-03 18:49:59.564107,Online Ads
b212f546-5f51-4e26-a446-8d9082c3bbec,81,84,conversion,2022-04-23 12:13:44.120703,Email
71b0da7b-f51e-428c-b1bc-00e151c207bc,82,273,conversion,2022-06-30 01:47:15.900255,Direct Mail
68ac262c-2854-4c55-9a61-7c6cbfdfa4b1,84,207,conversion,2021-08-31 00:09:49.310136,Social Media
49b5f0f1-d150-4add-b2be-27a01b1c0847,35,111,signup,2024-08-20 07:35:12.732774,Online Ads
e7e3c0bd-f95f-462b-b0df-58ea8d9fdb8c,96,70,impression,2018-05-08 10:53:53.867558,Email
656b9923-68e3-4017-a278-ea46fcdafa39,24,66,click,2023-02-04 05:50:25.255097,Online Ads
3708cef9-c97d-4b09-a624-d0678feeadf8,10,2,signup,2015-11-14 05:28:18.629865,Online Ads
542cf8f0-86ee-42e0-b313-5fc06a7ff90d,52,22,signup,2020-01-09 20:00:34.253636,Social Media
8936fdf6-60d6-403d-ac4d-db5de484a5e6,21,366,click,2024-03-22 03:36:34.073284,Email
0fd3321c-8b8a-4e06-9fd3-178b7cf49526,93,143,page_view,2021-09-04 05:26:27.552851,Direct Mail
78632ec2-c307-41a0-8ff0-a50e1b74b5ed,54,25,page_view,2021-07-10 20:31:24.623477,Direct Mail
f863b0df-f3a2-49cc-90a2-d89c5dd9bf0e,58,487,impression,2024-02-04 02:49:09.484787,Direct Mail
1f993521-d2b7-47ee-8a14-a6a1f42b0bc5,22,192,click,2014-12-27 22:00:06.549349,Email
8b78b409-680b-41e8-a6d5-3b0e34e85930,74,123,impression,2020-02-05 02:22:15.280395,Email
4277c80e-1891-4fa8-ab60-ca8a70dfc30e,95,294,conversion,2019-05-18 17:53:42.184425,Direct Mail
6c64194d-7e32-4fcf-946a-ae636df1a1be,80,100,impression,2015-03-28 14:04:15.793951,Email
5484b4ef-9515-4c61-b5aa-dc15cb0f426e,48,376,click,2016-09-21 11:31:03.985131,Direct Mail
1fb9fa30-6a4e-4f17-9d8d-d473f01a33e9,94,178,click,2023-01-26 20:36:49.187686,Direct Mail
0c93211e-1f52-4be8-8f1f-3d8ba9500449,73,199,click,2015-12-24 03:24:42.989054,Online Ads
7b2ade7d-908c-4421-9abe-83b5c4551c34,70,267,conversion,2019-07-03 08:39:46.849438,Online Ads
76eaa2fd-bc79-4470-bf0a-d2748649368e,28,204,conversion,2017-06-23 19:49:45.315761,Online Ads
89743358-28ae-4bbb-86b0-ce8c530812ef,96,14,click,2018-04-03 03:34:08.258269,Social Media
79fdb447-18af-46b4-b377-e7071a3dc0c5,5,276,page_view,2022-01-11 22:31:42.666412,Direct Mail
48fd881d-132b-4988-9633-305a9bfd709a,63,207,click,2016-01-28 11:10:50.193414,Online Ads
96f27df1-3139-4a6b-b9dd-c7985c451a37,8,486,signup,2020-09-27 14:01:16.399765,Social Media
1f4923c8-b11a-4000-8091-bc4b30557eaf,24,50,conversion,2023-01-22 18:25:04.238357,Email
5d0cb4f1-71f9-4495-8ba3-b4ab8962a494,60,162,click,2023-04-30 09:49:20.585297,Direct Mail
c1def05e-080f-4e40-acc3-65fe8b8c27ef,61,303,impression,2020-05-05 01:38:02.147805,Direct Mail
96bea834-299d-4f64-9960-0756608618b0,4,173,page_view,2015-05-13 21:48:03.812175,Direct Mail
983fa27a-527f-428f-ab80-15964e402b85,46,120,click,2021-05-03 23:05:56.044803,Online Ads
0ac7105e-41c5-4b93-8941-b9bb20bf4eb9,87,408,impression,2022-02-21 00:37:11.827402,Online Ads
86dc52dc-802e-4195-aaba-349e9554933f,23,92,click,2016-07-04 05:09:39.905144,Direct Mail
aeaf1c40-6595-4334-9727-9d57390e5897,6,462,conversion,2021-01-12 14:53:47.741819,Social Media
bae194a6-07ec-47ef-891c-2dac163691a2,6,478,signup,2021-01-26 13:44:12.860886,Direct Mail
ff267a0a-52d7-415d-bbed-a27c0ee81105,19,288,signup,2017-06-24 19:17:25.820463,Online Ads
61d1a4fb-a601-45a2-82bf-a34fd79e94ea,77,446,conversion,2019-01-24 14:38:14.083993,Social Media
797480f2-bd15-4e57-8a55-506a1ab42933,38,85,page_view,2019-09-13 10:55:46.255084,Direct Mail
a00a0000-4f2e-47d4-aca2-170fd41db63c,5,43,signup,2022-01-23 15:22:30.765214,Direct Mail
c860ed82-789e-4062-a60f-90fca803147f,89,329,signup,2017-11-23 05:23:11.272831,Direct Mail
9b37c7ae-cb30-46e9-a2f1-e57fd18f653c,65,391,page_view,2020-07-27 01:37:11.998908,Email
8f9866d8-a618-4742-8edc-a080e3734ff9,16,54,click,2019-10-12 07:25:21.148063,Social Media
d2c8150d-3208-4c93-a680-de8e0a2881a8,5,335,conversion,2022-01-22 18:46:21.986027,Social Media
03ce67f6-883c-439b-a766-390608dc2f77,20,484,impression,2016-09-13 17:46:17.046761,Social Media
ffab826f-6f24-472b-b738-715fb2d3bcda,47,474,impression,2017-10-20 12:25:45.539450,Social Media
3d00faed-7490-4e1f-ac24-55d564642189,27,239,signup,2021-07-15 20:38:31.701048,Online Ads
2ae571e3-dd04-4818-a2ab-52ed5dc0c487,37,408,page_view,2016-06-29 07:12:08.740200,Email
e8025337-5ebb-4d0d-9a70-72da5453719e,51,335,impression,2022-05-23 06:29:25.253343,Social Media
29f7c35f-8108-4b57-8ecd-905a016c7504,34,143,page_view,2021-03-19 02:02:04.079803,Direct Mail
afe4d5c4-0eba-492b-843b-b20d45c83f4d,71,129,signup,2016-10-17 13:07:48.963601,Email
cf355172-c1f5-494e-93e1-527c5db4d18e,15,475,impression,2014-11-13 09:58:59.655496,Direct Mail
fd0df5ae-40d5-43c2-9d44-41f8bceb5bb2,14,203,conversion,2020-11-18 13:05:18.260755,Online Ads
650a190e-aa90-4cc3-9ad1-e442a6511831,60,300,impression,2023-05-10 19:43:24.579409,Social Media
83f6e716-9bb4-4a11-a226-89469e05de03,85,302,page_view,2022-08-27 11:34:33.871355,Direct Mail
7a680d00-a4d0-46fc-9b3a-2ccf34008e61,8,68,click,2020-09-25 00:51:15.102867,Online Ads
67c38b09-aa73-49ca-8f1d-126a95d15b29,86,196,click,2024-09-23 06:23:40.645520,Direct Mail
ec7924bc-91bf-420c-ab16-881f6382a8de,79,425,click,2016-08-24 02:40:55.649452,Online Ads
4dbc6375-454e-4f7d-8f19-427a8f885f96,61,343,signup,2020-05-26 16:19:08.933095,Email
981fcd15-be5c-401d-ab51-a4103e6cbd1a,79,439,signup,2016-08-20 16:14:22.007710,Online Ads
81e70715-1015-47e0-9c12-b4d67f5f625b,11,301,click,2024-06-01 14:41:30.210954,Online Ads
db21e830-8968-4155-8dbd-22728bb1e739,26,251,signup,2024-10-12 00:01:05.740940,Email
565d06ec-c434-4c91-80b0-54ca5d20d7e4,85,213,signup,2022-08-31 01:32:17.224084,Email
75731f09-b022-42ce-9cff-db49cdf6a498,27,165,signup,2021-06-22 00:35:15.150775,Social Media
4a692804-7798-48a3-ba74-499bfb5f5c9b,58,419,impression,2024-02-10 00:51:10.543747,Online Ads
e05ed516-6c21-4664-a48e-a7ff00acbe00,51,342,conversion,2022-05-24 16:36:58.854233,Online Ads
cd79f0bc-787e-4c3e-89a2-32704c6fa35e,38,276,conversion,2019-09-20 06:32:52.387958,Email
5ea23213-f530-4b19-bd4d-bf2874cc95a0,5,467,signup,2022-01-17 04:43:02.525276,Online Ads
51e2d4e0-c69a-4e5c-b3d0-176b95e9d677,94,121,impression,2023-02-17 11:15:38.909572,Social Media
03f7246d-7ac5-420b-abd4-6e9f2c1e968c,87,207,signup,2022-02-24 04:58:11.964787,Email
c745ba98-ed87-4fa6-a1e0-7a200ebd6553,10,417,signup,2015-11-14 19:11:03.383580,Online Ads
a20165d5-1bc2-47ee-9006-8d5fdcda5d73,45,309,impression,2017-09-18 23:54:09.304577,Direct Mail
e38e957f-5ff0-4a29-8c06-350049bff9e5,23,408,page_view,2016-08-21 03:50:45.025723,Email
debe1a7a-8928-400a-a231-d26b5518be46,52,306,conversion,2019-12-24 21:29:46.076657,Social Media
077874af-5cc6-4cca-934e-159095fce53d,78,73,conversion,2024-01-23 16:21:41.533532,Social Media
e48747da-48da-4aec-b1cc-9bf90d34354f,71,227,conversion,2016-10-25 17:11:10.173223,Direct Mail
c910a73a-072d-426c-86fc-39648889aa9f,12,251,signup,2015-01-13 22:19:16.345650,Online Ads
eeb6cdb1-e5c4-4ae0-b4c0-0cf2017749cd,21,82,conversion,2024-03-05 15:43:27.904146,Online Ads
68b3925c-e926-4704-a026-8a7b9a9f3004,67,442,impression,2014-11-19 18:21:01.862390,Direct Mail
3a3a2531-8c4a-4c86-921f-742ec6338b86,56,8,signup,2019-02-17 13:31:59.296595,Social Media
3f834211-1179-4eeb-bf86-254038954af0,85,145,click,2022-09-14 07:51:16.387901,Social Media
6a50b346-d41d-471d-a181-0d6361000f57,94,417,impression,2023-02-06 18:19:31.240427,Direct Mail
4fc632ec-f0c2-4bca-9a3f-402b162960d6,66,112,signup,2023-11-17 05:22:34.444563,Email
e80def2d-6293-480c-81ca-c8eeed8684ac,82,296,impression,2022-06-14 20:06:13.562107,Direct Mail
7b6309c2-1bfe-4cc6-b5fe-dcb435d0da72,54,268,signup,2021-06-21 04:54:17.363710,Direct Mail
79b88815-6ce4-4ec6-9a0a-46252f6dd48c,4,278,click,2015-04-28 06:18:53.788711,Direct Mail
ce8ea503-4119-4b96-8430-85e27c33c64c,76,190,signup,2015-04-14 03:17:50.967191,Online Ads
63ad07c7-fe5f-4eef-9368-186777003cf1,4,26,impression,2015-06-21 04:55:54.586385,Social Media
cbf805e3-8a54-4fe6-a052-ed59eff5e3ef,63,187,click,2016-02-09 22:24:08.616915,Social Media
5af9b7c9-89b0-4a2d-914b-8c0fd6977469,89,210,click,2017-11-08 21:24:41.350451,Online Ads
1e85ee31-622a-4ae7-a281-9a5517836119,61,448,click,2020-04-10 15:48:27.521725,Social Media
587b1864-3972-4c68-9c0a-d7d76a559991,72,19,impression,2016-11-09 17:58:51.563372,Social Media
655f7d70-0138-4e20-adb5-6996cf945776,58,411,click,2024-03-08 14:54:11.511190,Online Ads
f36ee36b-88e3-4c82-99f2-a2bde93d4b95,19,350,click,2017-08-15 18:52:47.676316,Social Media
e5c4827c-2f46-42c1-9983-ac6edb5c1fa7,61,148,signup,2020-05-05 06:56:20.288910,Social Media
b3c6572b-03c3-4bec-a485-18ceb2563a4d,73,117,page_view,2015-12-19 07:34:49.701216,Social Media
5e8e2c3b-9079-4e17-99e4-13be3a9252db,81,74,signup,2022-04-18 17:34:08.972501,Online Ads
5f11ce70-2ba2-4733-897d-9302c398ce90,42,134,impression,2018-09-19 05:03:12.141112,Direct Mail
c3f5af24-461f-44fa-b3d1-1cb8b67381ed,54,380,impression,2021-07-20 13:46:25.057867,Social Media
7afe6c45-d55a-4ffb-8c6a-6fa60fc23a90,94,374,impression,2022-12-16 21:02:58.501823,Direct Mail
319498b1-a0e9-41a8-ac06-3f54090359b7,94,294,page_view,2023-01-23 18:48:26.869324,Social Media
c2e9ae7c-a35e-468b-bbfe-450aba817b01,19,386,conversion,2017-07-14 03:46:22.198852,Email
c5241153-b375-4c31-8910-69d480c5ff1f,66,44,page_view,2023-11-19 08:17:45.632578,Online Ads
2dd47758-5a50-4ec7-b787-dd22ad0cc101,79,258,click,2016-10-07 05:38:34.407835,Direct Mail
323331df-75bd-470d-9598-770cdefc0210,10,341,page_view,2015-11-03 07:51:32.626444,Email
b1b71165-b92a-4437-874c-f553777b2f1e,76,410,page_view,2015-03-20 11:59:51.659705,Email
1c2f9011-6329-4433-b2db-3e7c12e4b86f,77,274,page_view,2019-01-28 14:49:09.476276,Email
e2f40b16-d3d5-43e7-853f-df9960794bb3,34,10,page_view,2021-03-14 16:16:49.878589,Social Media
45cdd97f-bb48-4a58-8e2a-1124c1600733,30,202,impression,2019-05-14 20:51:27.168814,Direct Mail
89bfd583-f649-41c0-b560-8342aa8ac7bb,19,138,conversion,2017-08-08 17:51:39.829694,Online Ads
8f204232-8d43-4667-a2e8-6451b8434276,62,185,page_view,2014-11-28 05:35:19.626024,Online Ads
710abc58-37b7-4c44-872d-f2154c01b48b,18,200,signup,2015-06-06 01:55:41.839045,Social Media
4080d22d-550f-4826-9c2f-dddb69170e71,89,361,signup,2017-12-08 20:31:44.360953,Social Media
03352846-d350-455b-a941-9fe71ad459bd,19,53,conversion,2017-06-14 09:40:06.456831,Online Ads
827e6ea1-50c2-471a-a0ec-e798663c1dba,7,398,click,2016-08-26 06:04:28.946903,Direct Mail
1f8db69e-88ef-44d3-b1b2-308facf48f00,80,443,page_view,2015-03-17 20:43:45.126148,Social Media
e1ee0950-957e-41c2-9ba2-8e1c0182e5eb,100,448,impression,2014-11-10 09:33:22.389082,Direct Mail
11df38e4-cbc0-4fec-8522-0d4e91c90781,33,186,click,2022-09-29 06:27:05.574780,Email
1efa414b-6026-4d5b-a94d-6cce75a54cda,91,341,signup,2017-08-26 00:15:25.652427,Online Ads
b6f3cbb9-5f36-45fd-88d2-0d5ba01045d3,100,401,click,2014-12-24 10:03:10.999581,Direct Mail
a7f6948e-3e2b-461e-9481-b71c156cfa1f,1,280,signup,2019-12-31 19:56:15.743698,Social Media
d9c934bd-ffa5-4ba4-ade5-f67907de35de,38,427,page_view,2019-08-26 18:47:55.240237,Online Ads
2b1decf7-1be7-45cd-9fd8-dd142c593aeb,14,116,impression,2020-11-17 02:02:46.791088,Direct Mail
9f5632c8-9023-491c-a04a-e62f0df0e653,55,417,click,2015-04-27 21:55:15.695940,Online Ads
80f6ddb9-450b-4a7f-820f-e04db8abf1ab,60,166,impression,2023-05-08 11:25:40.700016,Direct Mail
e558e164-98ed-448c-ab69-632336db2706,51,381,conversion,2022-05-28 16:16:46.716899,Direct Mail
cfb23c56-3be9-42cd-b233-75c8f018f210,12,263,click,2015-01-19 11:24:03.431740,Social Media
38f6b93e-ad52-43e1-98ec-d7fbdbb65469,18,338,click,2015-05-22 02:31:01.131170,Direct Mail
61ee4ec5-3d55-4fd9-b8b0-a1ceb663eb49,20,99,page_view,2016-09-05 20:29:34.147521,Email
5c06a24e-6e6f-4070-afba-52b29979dca9,75,364,click,2024-08-08 15:45:33.199094,Online Ads
361d6ef0-1e3a-4b86-b112-6531c400fecc,52,169,conversion,2020-01-03 06:19:02.315312,Email
52c23a1f-5b11-4ab0-a93a-461ef3c147c6,28,222,page_view,2017-07-03 13:51:38.391513,Online Ads
3d5d6402-0a89-41bf-8be8-875fa4358dab,9,497,signup,2023-04-05 07:42:48.853304,Direct Mail
a0685846-1381-476e-851e-acba7a9054e5,54,333,conversion,2021-06-22 04:44:58.569657,Online Ads
4c0a7039-1a80-4a7c-8940-2f517c8a86ab,97,298,click,2023-05-26 13:09:31.917472,Direct Mail
d818cee3-2624-4a0e-b996-21ff016d0674,53,300,signup,2023-07-02 14:28:41.693599,Direct Mail
206e1d48-b0e8-461d-ac00-4e45f5338035,24,71,impression,2023-01-28 09:56:26.781050,Direct Mail
a775b6f8-9bd0-457b-8d37-71e6cc26a1e4,36,157,page_view,2018-05-04 05:04:15.296631,Online Ads
98060d46-9423-42e9-8805-9afbfa42f30a,88,54,conversion,2023-07-09 00:14:34.727058,Social Media
2770f08d-c3fe-46b6-9902-735f568dcc2a,95,138,impression,2019-05-06 00:28:20.987683,Online Ads
cadc91fc-574f-47e8-a6be-4bb796a599ba,20,152,page_view,2016-09-08 16:58:23.012958,Email
0e626638-537f-4775-a0b5-bba6d7df918d,54,80,signup,2021-06-18 06:32:46.226285,Social Media
44a3b689-4bca-4936-9663-c3f3b8582d8a,60,241,conversion,2023-05-04 12:16:28.799311,Online Ads
c3350fb7-90e7-48f9-aedf-6b4c50c6e762,13,440,impression,2022-01-20 21:19:31.879196,Online Ads
6ea3f4db-32c6-45af-85e5-ebe24c2ba0bf,17,496,click,2016-02-18 11:44:04.888182,Direct Mail
4fd3c20f-2218-4615-8ae3-2bb18b1d6230,25,499,page_view,2015-07-18 10:50:08.121222,Email
c409c4d9-b554-4a46-b357-de3dd83930fb,86,376,page_view,2024-09-01 02:34:59.634712,Email
4488b16a-7121-43f2-8dfe-fe2c5b598adb,30,132,signup,2019-06-06 23:15:08.274150,Social Media
19a66274-a54e-4a6b-90c7-09856929a647,42,52,click,2018-09-15 16:09:54.619859,Social Media
3bb81ca7-89c3-48a1-8067-9741e11034db,76,476,conversion,2015-04-19 14:25:37.236389,Social Media
de3eba45-3711-4c5f-baa4-63d8c31ac078,2,260,impression,2022-10-04 12:36:07.271647,Social Media
5d602ecb-b311-4d62-9ccc-ed50a9df3323,22,243,click,2014-12-18 08:51:54.685432,Email
72886fbc-cbb0-4589-8ada-7144d912170d,39,161,impression,2024-04-06 02:47:45.282418,Online Ads
9113dbb7-e98c-470f-af54-25f7aa43628e,12,495,impression,2015-01-15 03:57:47.036701,Online Ads
8728926e-c3ac-46d7-af27-be1f2dd0f788,84,219,impression,2021-09-29 04:21:43.336832,Online Ads
02189182-3a38-4e82-a3fb-c0f230f3a278,29,34,signup,2022-10-17 04:08:53.005812,Email
b0e02f2f-53f8-4b74-9796-99c5e9409a90,81,495,click,2022-04-01 01:48:15.812232,Direct Mail
567ba70e-cff7-44de-aa88-b72833f7c769,30,477,impression,2019-05-03 23:35:22.715287,Online Ads
0ae217de-a242-4b9f-ace6-81d3b1539f4f,34,229,click,2021-03-28 07:45:07.639290,Online Ads
b23de649-4381-4f62-ad70-a5bcc9e2d238,34,444,impression,2021-03-15 13:26:48.703920,Social Media
2b488ca4-ede7-4d3c-84ac-bb7d40770369,82,325,page_view,2022-07-30 14:37:20.273309,Social Media
ffd20400-f08f-4b26-b58b-06cedd8279f9,42,155,click,2018-09-15 01:25:42.845931,Direct Mail
bac508eb-b87c-4f16-b647-683bdc31cf55,53,279,page_view,2023-08-10 19:08:51.652123,Social Media
32ec6199-ef3e-47bd-9c2e-cfb0ab455803,89,346,impression,2017-12-08 08:40:31.202039,Email
4333a1eb-8357-4090-86ca-2d371c718e78,51,473,page_view,2022-05-09 16:53:00.000465,Social Media
89bd138a-5b60-42a7-8aa7-8a5ba2b0e1eb,73,485,page_view,2015-12-23 17:19:14.322240,Online Ads
982e308d-b694-4e66-b248-37d0ec165a5d,44,396,page_view,2015-05-17 08:53:02.895987,Email
e36916d0-3822-4f2d-ab85-d7e9ed3281ab,23,476,page_view,2016-07-04 00:52:17.746510,Online Ads
822ef2b5-a3c9-4603-ab68-2879f3eec2c4,45,236,click,2017-09-29 06:15:33.547570,Direct Mail
7a857cc3-b6d0-4092-b395-a26e6ae21486,74,489,click,2020-02-15 23:48:04.295359,Email
2c7b7c7a-67a1-4bcc-a326-528482bda906,55,381,impression,2015-04-18 14:28:24.903240,Online Ads
52ad8da2-36dd-43f6-8dab-83c70fc45af1,38,306,page_view,2019-09-05 08:49:54.726716,Social Media
496a391b-b377-4baa-893b-adeffccf6a3d,14,472,conversion,2020-10-13 05:09:22.141860,Online Ads
9f902079-525f-4a3a-babf-8abcb6b3f5ca,44,52,impression,2015-05-24 23:44:33.613014,Social Media
a243a95b-4061-45e6-8bf2-3b7825739c7c,67,495,signup,2014-10-19 03:04:14.411488,Email
bc28e134-0d72-4f93-8753-e21dd04482dc,54,239,conversion,2021-07-16 08:38:23.072549,Direct Mail
9df4d0c5-905e-4c9e-94d4-517e77095b31,55,423,click,2015-05-06 15:55:20.120438,Online Ads
3281da1c-8617-4e37-915a-133f73d66810,35,124,impression,2024-08-23 22:15:47.406756,Direct Mail
6311699e-e964-4fea-94ca-3e3474c93f4b,88,11,signup,2023-07-02 14:19:08.575906,Social Media
c1cb14c1-c140-4304-8353-1eda5403adce,11,66,signup,2024-05-21 04:31:10.933395,Online Ads
8c4c8e5c-4b46-424f-bd1d-fc90f07bfad8,54,311,conversion,2021-06-07 09:24:53.293739,Social Media
83293a14-a8db-4b42-b1b6-686c18c706ab,14,233,page_view,2020-11-26 08:45:38.778172,Online Ads
88a79997-69cb-4870-a5ee-4f8318129126,1,340,signup,2020-01-02 12:01:29.869975,Direct Mail
39f9126b-16be-4902-b91d-cf57cd548a48,77,219,signup,2019-01-20 05:05:34.202272,Social Media
1793005f-cce1-4912-b0c7-2b3884a13b99,35,46,page_view,2024-08-27 06:59:50.760123,Direct Mail
97a3c4ab-6861-4f70-994b-a4658bf1c8a7,22,314,impression,2014-12-18 06:58:05.369978,Email
990df7fb-c4d8-40e5-bcdb-737326ee7b14,79,388,click,2016-09-19 21:15:40.457158,Direct Mail
f2441c88-7dc7-4e2f-8fbd-bc23ae9228fb,57,283,signup,2020-07-23 05:24:51.682724,Online Ads
78b5d59c-a8d4-4dbb-99c7-73ffae149b98,72,198,conversion,2016-12-27 07:00:00.563897,Direct Mail
ca3d721f-5657-4eb2-8ba1-2938b738e63e,100,453,click,2014-12-29 17:10:33.381914,Social Media
7255f8aa-7cc8-4a35-902a-9a872d0ce60f,82,187,conversion,2022-06-24 15:30:37.881391,Social Media
b0c9865f-fd59-437a-9eb8-0337aacf078f,43,168,click,2020-12-02 00:13:32.749838,Online Ads
b07b61a3-5dc1-4a1a-8467-481574af931b,51,430,click,2022-05-19 18:25:12.656286,Direct Mail
0d53b54d-5919-4a39-b5f2-b110af7ecff4,15,152,impression,2014-11-27 00:08:13.741390,Online Ads
242b8661-15ac-46b4-89f3-a0c958d34e2e,7,117,page_view,2016-09-15 08:32:47.851055,Direct Mail
82894190-2088-410f-ab4c-0ca30810daa4,17,433,signup,2016-01-30 15:39:27.730860,Direct Mail
f5586c12-b18c-42d6-821a-b077ba4839c5,45,226,signup,2017-08-11 00:21:37.993685,Email
f58a1c1c-c19b-4c31-b3b1-65fa579e0c6e,12,133,impression,2015-01-11 06:35:01.944578,Online Ads
bb37908a-5c06-48f8-90da-a2fb9419869e,85,386,click,2022-09-08 09:08:12.643570,Online Ads
e275a505-6d40-4c80-85e1-eef39fa0fd73,51,101,signup,2022-05-18 10:42:15.467815,Email
d2915cb6-ea34-451b-8add-9bb34d43d090,43,331,conversion,2020-12-13 16:27:40.234970,Social Media
3b0983ca-7e6b-4362-a886-2937e6ad4cfe,24,98,click,2023-01-12 03:12:09.935084,Social Media
43d094be-4fc7-497a-ae4a-096076b44d47,20,317,page_view,2016-09-17 00:04:22.449285,Direct Mail
2bf4ab8d-e426-4d11-ad56-133c42aa4e4f,63,263,impression,2016-03-06 21:32:17.255365,Online Ads
76229b20-6766-457c-a119-ae855f49c6b3,26,478,conversion,2024-10-22 05:24:20.106235,Online Ads
769aeb4e-b1d1-49d4-ae3a-608508cd8781,78,238,signup,2024-02-14 07:34:04.616187,Direct Mail
b86bcd95-aaf0-4c0f-b462-ca9f66ce72d8,47,263,signup,2017-09-22 20:45:57.569046,Social Media
ca83e9a9-9ff3-4781-b019-7c8081865e4b,92,332,conversion,2016-08-23 09:09:48.192578,Social Media
75fb10c6-90b4-4920-a1aa-9ab6beb27454,26,216,signup,2024-10-30 14:44:40.001041,Social Media
c2649a03-9b63-441c-b2e7-7286df0dcd2e,13,40,signup,2022-01-23 22:56:19.605888,Email
2ad1c3a4-2191-4c28-b062-0c1abfae11af,56,190,impression,2019-03-12 04:46:45.164505,Online Ads
874f4ae6-fc15-4cc4-bc4e-3bfe7ee76141,77,388,conversion,2019-01-28 07:16:38.956473,Online Ads
9fa85bce-479e-452a-949d-1a1c4b81d6fa,48,414,click,2016-09-23 16:40:34.559795,Direct Mail
7e57b067-a0e9-41bb-bb08-f0a4438590a5,86,291,page_view,2024-10-05 18:40:10.008486,Online Ads
4aa6e5d2-8597-4fe9-bc1a-90d451da7e88,65,399,impression,2020-06-30 12:59:12.278373,Online Ads
49db8222-c7e0-43c9-bd54-f0734e166dca,69,212,impression,2024-04-04 23:21:08.719517,Email
6cf4671f-2ce7-4f6c-a758-43973a53c4fa,78,294,signup,2024-02-17 15:00:01.215874,Social Media
7ea16244-a3a4-4d96-b73e-dad58f217f94,42,356,conversion,2018-09-22 19:09:21.182456,Email
c395b45b-8aa4-4579-b268-1058dd31eb8a,90,427,page_view,2022-06-16 22:10:06.813598,Online Ads
f6c113ec-124d-4efa-a614-db858e12947d,29,44,conversion,2022-09-10 22:03:05.582426,Email
fa08e44f-0280-4b4b-9146-341413a0136a,10,183,conversion,2015-11-14 11:38:34.932953,Online Ads
0ec0590f-3bf8-4862-9f69-40f92ed0106e,5,297,signup,2022-01-12 07:19:08.414354,Direct Mail
16b839c8-b8cc-40fb-8706-cdc2eccb777c,19,160,impression,2017-07-17 22:13:23.492183,Online Ads
2ab55e7d-8473-421d-8a76-4aed196e1f52,64,134,click,2016-10-31 05:17:34.194633,Online Ads
9de78c16-829f-462f-ba4a-8e8b39b68636,3,486,conversion,2016-04-25 15:30:51.893304,Social Media
771dec23-ef5e-4e20-b29b-d3d7bf752e91,63,326,signup,2016-02-02 10:56:20.318120,Email
b2360a8b-7207-4828-b205-d2dcd5fee849,33,472,signup,2022-11-17 09:17:38.227542,Direct Mail
60ea5b00-f503-421e-855e-84b30db4bfaa,30,26,signup,2019-05-04 19:18:33.941833,Direct Mail
ce2c7117-7632-4338-b8da-33efe97b807d,78,251,conversion,2024-01-20 11:20:21.497254,Email
28ba6d21-8713-4b30-96cd-a84d973ad1eb,75,15,signup,2024-07-04 17:59:17.221442,Online Ads
5bbe693e-675c-4f37-b9c5-dd893272657b,13,319,conversion,2022-01-11 06:11:49.552360,Email
1464ae88-2ad0-47ec-9e2f-52ee488ca6af,30,144,signup,2019-05-31 09:40:49.202973,Email
7c85fd37-c431-48b8-813f-0ad6e6f9a47a,6,140,click,2021-01-21 13:07:23.067532,Email
5acd9902-b4ec-4227-aa6d-9e831a91a433,64,26,page_view,2016-11-02 23:21:33.437638,Social Media
5fad0bdf-278c-4195-8ea4-3e51631cf1cc,73,78,impression,2015-12-12 00:40:06.271449,Email
28b7a04e-9200-4b69-9da3-3d4c0825bc7e,76,74,conversion,2015-04-15 10:37:29.944401,Email
70563019-ff09-4426-90d8-4248e9b07a7a,80,15,click,2015-03-10 13:16:22.389893,Social Media
413981f1-8fcb-460d-a566-a3872c763261,75,353,conversion,2024-08-18 22:54:44.440648,Email
029155c8-f1c7-4c77-a173-04a405f02bf1,12,156,signup,2015-01-09 10:32:06.995933,Online Ads
3637aa86-6e89-46d1-8228-d471cbbb52b5,58,91,page_view,2024-01-23 11:08:19.945615,Email
4139fa28-2833-402f-aa4f-b182f6d4a9ec,91,178,conversion,2017-09-09 10:10:11.126108,Online Ads
3cd06c3d-36e2-4f53-bc30-b65ae7359031,65,97,page_view,2020-07-23 23:55:53.791666,Email
c41aea54-5afa-4475-81c7-4f6472455aaf,33,314,signup,2022-11-06 21:27:13.596408,Online Ads
aa04e0d0-3e93-44ed-9aae-106f0be1fbf5,99,150,conversion,2023-08-13 16:23:12.343925,Direct Mail
8902832d-2f7d-4935-8593-720ad5a9efe1,37,70,signup,2016-06-14 15:19:41.136258,Social Media
6870c93e-7712-4c1d-9e9c-3e8ff40bec81,32,398,page_view,2019-04-15 15:34:30.791389,Online Ads
8ed4fb6e-2d2a-4d62-be65-2b3f657b6077,94,444,signup,2023-01-12 04:10:25.881801,Online Ads
8d5be4cc-3e2f-4365-bb05-872cafe32433,6,107,conversion,2021-01-20 16:51:12.017249,Social Media
b7e3d319-ec66-4970-9b25-e38a61c6f9fe,18,151,click,2015-06-11 10:02:19.548152,Social Media
0d068773-61e5-4238-9af0-73bd733229ac,6,61,signup,2021-01-23 01:30:56.595798,Email
ed96946e-1af8-44b7-a240-6b1433b6daa2,99,405,conversion,2023-08-02 14:27:45.932246,Online Ads
6be271ce-1b33-491a-b617-47598b861ba7,26,188,page_view,2024-09-25 06:53:12.323364,Social Media
1dad8888-2667-4ce5-952b-db132259a9d7,38,475,click,2019-09-12 17:56:44.200054,Direct Mail
f850e82c-6788-459b-909f-773e3b548b16,88,248,impression,2023-06-22 16:16:22.056052,Social Media
739528c7-f839-4449-9a3b-7ed602041038,37,368,impression,2016-05-31 13:12:06.249094,Email
fab0a14c-7d77-4ab8-a6f2-20d9c3a56f4b,98,361,signup,2016-09-29 02:50:31.559908,Email
b3af843e-c18c-48d2-b9f2-0e1769e15bc3,20,426,click,2016-09-27 02:42:27.027967,Social Media
4d8e2304-2701-41ec-b317-d4538df4c6ec,12,411,signup,2015-01-18 11:54:34.714099,Email
e483393d-3912-4112-ab73-a729c59f7b00,86,97,page_view,2024-09-30 09:32:44.079637,Social Media
b16bf81f-6fed-48c6-a1cd-cfe94c27912c,29,35,page_view,2022-10-28 20:59:03.042336,Direct Mail
d5380b60-b895-4608-95cd-79b7d4f84264,60,326,page_view,2023-05-10 08:06:14.007818,Email
36b16e13-0b14-4b5d-8a68-b2ca41606e6d,87,44,click,2022-02-08 20:01:41.174587,Email
9fd8a72b-5ac0-4ba5-b477-73d277743d78,20,474,impression,2016-09-22 20:36:00.863368,Social Media
3bc2fbc1-6048-4d15-a7f4-8b4b37a670a1,52,296,signup,2019-12-22 15:54:49.415016,Email
61e76257-c368-4d2e-855d-d79cccab5095,18,409,conversion,2015-04-17 18:07:54.902480,Direct Mail
d8655507-462b-4703-984a-2ec76f2072fa,31,401,conversion,2018-04-15 01:37:12.018663,Direct Mail
3559df27-3f95-4f9d-882c-2c7b9111c3c8,9,463,click,2023-03-20 20:07:58.181524,Social Media
d16c8558-599e-4f79-8af5-7fb9e593094e,45,150,signup,2017-09-24 20:30:57.834512,Social Media
1157905c-2c41-40db-bd66-a0db3d0bdbb8,32,304,page_view,2019-04-23 10:59:40.122570,Direct Mail
7791b1b0-e793-43c7-822d-a22c47aabc76,21,157,click,2024-03-29 23:05:33.301420,Social Media
b58cd6f4-1ff4-4a61-aa3b-821b0f596c6e,30,258,conversion,2019-05-07 17:53:43.060244,Social Media
758edd4a-3133-4478-b4f3-2ebbfa02c155,61,325,conversion,2020-04-29 02:32:46.199333,Email
5e1fc4ee-ca4f-4a38-b94e-cd1dcfe7fad9,78,23,page_view,2024-02-18 07:10:34.681048,Email
a48ea806-c2ad-4379-a613-097e6fb41305,84,98,page_view,2021-08-28 06:39:24.487078,Online Ads
c3ec572b-7e65-446e-94e8-6ecc56c86faa,99,246,impression,2023-07-31 11:07:34.100359,Direct Mail
54b77684-8d55-4e2e-bc20-08de9c3a7cc6,79,124,page_view,2016-10-06 13:57:13.196771,Online Ads
e7894c15-6f21-4e0d-99a9-3817eaf37c9d,31,296,click,2018-04-12 18:19:48.220262,Email
548e5013-8ada-4333-961d-86e20e14fcfe,50,436,signup,2023-12-14 10:27:08.313510,Social Media
5b1d8882-c347-4fdb-bb66-3385189a1dbc,67,95,signup,2014-11-05 15:12:56.168062,Direct Mail
4071a4ba-8a24-4e56-a8a8-df66da9ee31c,41,420,impression,2022-01-17 01:36:51.588766,Online Ads
58bc1598-70e4-40b7-9377-da12e7e56409,70,343,click,2019-08-04 08:43:53.715189,Social Media
0a682a7a-8ede-4af1-9176-c44d43936dd4,89,154,page_view,2017-11-28 07:11:37.433934,Direct Mail
5c7428ea-49d6-4f35-9804-3fbbdc353060,51,267,page_view,2022-05-14 01:24:52.530457,Social Media
24473dea-f8ee-46c9-9528-1d70aff6b452,31,493,page_view,2018-04-07 05:37:35.785105,Online Ads
0f243954-0116-4ab0-845c-caf007bea962,71,177,conversion,2016-11-25 13:23:04.796341,Social Media
a15c5407-d2b0-4bd9-ba40-ba8de6c17f54,88,473,click,2023-07-02 01:15:33.089510,Online Ads
2777980d-c867-4ca7-acec-5d9a9f7eede0,87,159,conversion,2022-02-25 14:19:25.651752,Online Ads
469b2081-b872-442d-939e-dcf95142ddd9,63,305,impression,2016-01-28 22:11:10.448997,Email
69a17bd6-53bb-45f8-b8fa-39a2e0bb906e,58,139,click,2024-01-15 15:26:53.392843,Online Ads
1a822301-aa44-448f-bc84-d70a4247ae96,14,409,page_view,2020-10-12 23:43:32.485343,Direct Mail
eb1d198f-cbb8-4c98-94f0-8920b85a8a64,2,499,impression,2022-10-28 19:22:34.326250,Social Media
470ef304-5f66-45ad-9711-11db845ae4e9,22,53,signup,2014-12-25 16:58:01.474505,Direct Mail
cb896a70-9146-4ca2-8e02-438060318b13,79,28,impression,2016-08-23 21:31:42.281023,Online Ads
c2a34475-e01d-46e6-9830-52f3f21cec0a,100,129,page_view,2015-01-13 09:45:12.467296,Social Media
61854a6c-02e0-47b2-9981-cd92f5fb9e5a,74,39,click,2020-02-07 23:51:45.072403,Social Media
669277e0-7f46-4689-9596-b25fed6fd5c1,23,4,conversion,2016-07-11 04:42:59.012953,Email
a2ae41d0-0a09-4901-bd88-ae01ead34ac7,82,250,impression,2022-07-30 09:39:08.553351,Email
06620aac-aa76-4194-873e-e10def9fbb4b,8,77,page_view,2020-09-18 13:51:01.637269,Direct Mail
c8043135-ebdf-4bac-8806-5603c5265cde,23,305,conversion,2016-07-15 18:29:28.278725,Direct Mail
f993b054-8da1-4cce-b343-f89ebe5d45b6,15,80,signup,2014-11-08 13:44:06.918362,Social Media
77213179-f7fa-41c8-ae9e-89e121f6228a,83,29,signup,2021-04-08 10:29:30.276509,Direct Mail
0bbeef08-62c2-40be-8f5a-bd3a73ec9a0f,84,382,impression,2021-09-16 20:49:01.370105,Social Media
0424c5c0-3e87-4b6c-b642-1e919e2e5e2f,90,12,impression,2022-06-08 21:47:20.357669,Social Media
efdb636b-76de-412c-969f-f4c622e0b768,45,53,signup,2017-08-19 16:16:04.650668,Direct Mail
a6fd438f-7dd0-48c5-aee0-718b7d61bcaa,69,319,page_view,2024-04-08 06:01:04.790585,Social Media
47578528-505d-46d9-8eb2-1587db7b27d1,16,464,impression,2019-10-01 06:19:55.685731,Direct Mail
a32b31e8-d340-4735-8248-9edce4b79b56,37,214,impression,2016-06-21 19:17:11.173717,Email
856b0cda-2dd8-4ed3-9d0c-436cb38b4f78,27,110,conversion,2021-07-08 20:37:18.507909,Online Ads
6b6cc899-a392-4d6e-a0cc-52bdecf77009,45,288,impression,2017-08-11 17:40:05.085711,Online Ads
f1722b8f-73d4-4ae1-8be3-c01c5d2c6189,51,480,conversion,2022-05-19 02:43:00.042901,Direct Mail
9dd942a1-c36c-46fc-b5f4-cf0607313dc8,22,307,conversion,2014-12-29 02:39:44.929155,Email
be7d4c7c-b765-4138-98e9-f89604e15d48,73,156,conversion,2015-12-12 01:04:34.998580,Email
357a6a08-6538-410b-9104-30704b37f81c,47,471,impression,2017-09-16 01:37:32.191162,Direct Mail
faae248a-004c-473e-8a75-d78490037440,55,434,impression,2015-06-16 04:35:32.723809,Direct Mail
2438aef7-51d7-410a-bec0-3953efcfe046,98,285,impression,2016-09-29 12:45:17.746889,Online Ads
a119f08e-0339-486d-8dd0-53515a0c4b99,54,479,conversion,2021-06-17 13:04:22.181772,Online Ads
752fda1d-7545-414f-a639-b5a2f67eeb9e,40,255,signup,2021-05-29 13:25:12.369976,Direct Mail
74387512-611b-42d0-bf5a-7f89dcc06186,85,166,signup,2022-10-03 10:32:59.192862,Direct Mail
b86a3854-3594-4ce6-bb84-7429d4ace88d,42,61,page_view,2018-09-09 06:41:04.407286,Direct Mail
9aa26ab8-cebf-432c-bd12-bb5a8da7fd6a,47,482,click,2017-10-08 05:26:28.482638,Direct Mail
6439006b-a25c-41f1-9800-ac2a3e3de61c,60,307,page_view,2023-05-06 19:22:49.950601,Direct Mail
43e3f79f-bb34-4dc0-a3e6-3a3dda4b19a5,36,443,conversion,2018-06-05 14:13:37.741970,Email
15c3daf8-042c-4100-81c7-f8256a8d1aec,83,3,conversion,2021-04-20 10:56:38.498558,Social Media
66dd44f5-4833-4c72-a00b-1f4a767af083,43,212,page_view,2020-12-24 21:16:20.864097,Direct Mail
fbb66c8e-acf7-4382-99e2-90bad1de73b4,1,159,impression,2019-12-30 10:19:13.154809,Direct Mail
604f73af-1384-4559-a093-945bb46a0e55,34,194,page_view,2021-04-26 17:32:16.874744,Direct Mail
152b09ba-1f29-448e-a648-eaa9a79b48bb,80,183,click,2015-03-25 14:08:42.375086,Email
6c814ce7-bc63-4198-96ed-c2657121ec5b,100,154,signup,2014-10-29 22:35:20.870154,Direct Mail
39255ddd-6c82-4156-aad0-92cffe69efca,89,488,signup,2017-12-09 00:08:24.822938,Social Media
2690023c-e116-4e39-a5ab-616c37f2ba1b,24,259,conversion,2023-01-22 11:08:50.832702,Email
4df1cd0d-db5b-4cc7-b4ed-c7dc462fbbe5,54,73,signup,2021-06-09 13:16:54.684617,Online Ads
da92107e-ab95-466c-82cc-f934b30643cc,81,328,impression,2022-04-23 04:54:54.119689,Email
61758d81-f821-4d02-a446-54418542980e,82,315,impression,2022-06-26 06:53:57.621207,Social Media
357564d9-3399-45ac-b540-ec724b38dbc2,43,90,click,2021-01-05 14:22:37.470926,Social Media
98f14cb4-d750-424e-b897-ded6db662246,99,398,impression,2023-08-15 03:54:17.340841,Email
41684047-2256-4229-8130-09e9893fd436,23,298,conversion,2016-07-29 09:26:38.552080,Online Ads
1818d998-6d3b-4cf1-bcd0-37b52fa00baf,18,460,signup,2015-05-14 10:41:10.101881,Direct Mail
c1716007-f6fb-4816-a4f0-ac144ac6ddba,93,50,conversion,2021-08-28 10:41:32.702126,Direct Mail
3bcc56be-666f-4379-80f4-d0f9b4fae584,61,323,click,2020-05-08 03:33:57.005142,Online Ads
b0b2b165-dd17-4753-a17f-02ac7e97d012,86,50,impression,2024-09-05 14:01:18.875121,Online Ads
4dfdcfaa-e18c-4bac-b418-3539a5e4c98e,36,190,page_view,2018-06-06 06:26:25.173838,Social Media
de9e4b31-7a02-4302-b851-08f97564699e,94,280,conversion,2022-12-31 07:40:11.039694,Social Media
4a00a25c-1eac-4e2d-b25d-bfec6e782698,30,170,page_view,2019-06-20 09:24:26.820511,Online Ads
f7473458-0a23-4079-864f-012442f2602a,74,312,page_view,2020-02-10 11:00:44.755106,Email
f4c4f439-ec53-4bcc-9ab3-d0989346c61e,56,303,conversion,2019-03-16 10:44:15.727771,Social Media
4e23c378-b603-41c4-91e6-f52098e48e74,98,331,page_view,2016-10-05 08:48:18.910630,Online Ads
db4cbe51-0808-4c20-a7a8-f88c3c3f5202,19,69,page_view,2017-07-30 23:39:21.994731,Direct Mail
f6904963-3a5e-482c-8c07-a0f1619205ab,84,348,conversion,2021-10-06 09:19:36.244717,Email
3747aee3-047e-4877-8c9a-6cf468ec2077,74,355,click,2020-02-02 13:58:45.101798,Email
25c8d408-54aa-4291-b360-24954e326cfd,71,46,signup,2016-12-28 20:01:48.303846,Online Ads
2d639b58-eb46-452a-b40d-16528947bdb3,59,128,click,2021-09-05 00:17:35.090873,Email
7619cfef-cdc7-4e1d-8880-22fa9663a87e,11,148,page_view,2024-05-12 09:22:53.584903,Direct Mail
05051622-aa53-4a5d-a964-e652b4a54ce2,31,108,signup,2018-04-19 11:56:18.567639,Email
d5878302-e676-4fcc-9146-0cdb88a000cd,79,368,click,2016-11-02 19:49:02.973787,Email
6e500fe1-2e16-4b96-b919-1b1ce130fca2,41,343,click,2022-01-26 02:12:56.090171,Online Ads
879c4798-a81e-4a00-8b45-4a2c6ff6dbcc,87,385,conversion,2022-02-24 07:05:00.067557,Direct Mail
8df5495b-f469-412c-aebd-f8db81bfb9cb,80,336,signup,2015-03-09 04:04:13.576557,Online Ads
77d3966e-9b21-488d-a975-08a25346a04a,91,186,page_view,2017-07-22 21:48:44.833065,Direct Mail
5b20c632-10bb-4fda-810b-9dc73514ea0a,47,398,page_view,2017-10-30 07:54:23.801593,Social Media
9f597ee9-43a9-407d-9cb1-cada9b93949b,34,467,conversion,2021-03-17 11:05:49.194131,Online Ads
fcc8634d-2604-426a-926b-81c04eeef31a,22,46,click,2015-01-07 22:42:19.611579,Online Ads
53db2286-f954-47ad-b137-a26c1747f352,21,9,page_view,2024-03-07 23:48:19.762941,Online Ads
a7412627-74f5-4f59-ab2e-8d1687d4148d,12,449,page_view,2015-01-17 23:17:03.818812,Social Media
792bf9c0-b453-4dca-847f-d479c4392a3c,70,322,signup,2019-08-28 00:27:41.178510,Online Ads
d53e0c43-8b63-4df6-9660-138ae41a9816,5,427,signup,2022-01-17 12:57:34.081853,Direct Mail
6dc45deb-5aa4-4d71-86ff-5ff3196a50e5,43,18,conversion,2020-12-24 05:36:39.254835,Online Ads
19d5cc50-815b-43a5-8062-fced41100e98,16,311,click,2019-09-30 21:59:44.180737,Social Media
738569a0-d1d5-4935-af63-fee7d90c1a9e,59,190,signup,2021-08-12 00:27:22.384290,Direct Mail
a74394ef-70d9-46d0-a76f-9d791c84e32a,57,425,page_view,2020-07-15 20:10:23.070681,Direct Mail
5cd523b0-a662-4e04-8118-37cbc74ef97e,85,463,click,2022-10-19 04:36:39.532410,Direct Mail
92ba6adb-33f5-4c59-ade7-0c4f58c98513,12,465,signup,2015-01-19 16:59:15.130723,Online Ads
82bf53d6-60b3-49e9-8206-558d16213b28,98,187,click,2016-10-05 03:53:23.310904,Social Media
4b97b1f3-c6e2-4174-ab12-207bde690d61,70,135,page_view,2019-06-23 15:00:25.295157,Social Media
df98702f-0718-47b8-8a5d-95fad16fc56d,49,435,page_view,2018-04-28 23:55:46.808050,Online Ads
ec4a55d0-5616-4759-b969-576206dd3d75,100,402,conversion,2014-12-25 03:49:49.382504,Online Ads
122c3b60-9181-4926-9772-442768f78a5f,63,238,click,2016-03-11 19:42:07.752911,Direct Mail
67cd6b27-d4f4-49cd-98ba-c859aa350727,75,318,impression,2024-08-05 13:40:30.405995,Social Media
afd33bbf-39d3-4fa6-bfaa-1fdc551d5600,54,307,click,2021-06-04 11:38:17.914218,Online Ads
3b184dcb-1d27-4c74-b0d9-3fc21d9cba6a,50,289,conversion,2023-11-30 15:21:30.211021,Email
e2644f86-5a7d-439d-b169-f6ec04ab8ce5,68,331,impression,2019-12-20 15:37:24.816911,Direct Mail
7f13c235-d9b1-418b-8925-186dd4961c20,55,64,click,2015-05-05 13:06:46.477265,Email
32cc2acb-aa94-4db4-8b40-14eafce75a35,22,365,impression,2015-01-02 05:06:21.877241,Online Ads
97143bd3-5571-4236-b41a-aadb7287913b,10,337,impression,2015-11-08 04:01:19.647451,Email
8430cb53-2242-4bb3-84d1-e396968bd75d,80,391,conversion,2015-03-23 08:19:17.372968,Online Ads
4595dc5d-047f-4586-9ba6-9a451bc01131,50,299,click,2023-11-29 09:59:41.542395,Online Ads
22e9c61c-cc01-4efe-95c2-4ee853970e54,100,241,impression,2014-11-25 22:17:35.348839,Online Ads
19598f11-3f12-4ecd-8807-edc91de610f6,77,134,impression,2019-01-29 14:18:54.167814,Online Ads
f0d81ead-8f90-4d6a-9e94-25ae6125ddd0,82,339,signup,2022-06-23 23:55:01.407010,Social Media
06a6c5e3-c941-4f17-85fd-d3f7c27807fc,46,291,page_view,2021-04-26 05:08:42.152197,Online Ads
9144a05b-a0a1-4069-9798-ca7084956eb1,76,355,click,2015-03-11 00:23:35.679036,Social Media
7a92a969-3f2a-4441-a118-3719b8b50c7f,94,277,signup,2023-01-13 18:58:11.128773,Direct Mail
98ab2e8e-a684-4bd8-8f7e-319ffde1bb34,15,288,page_view,2014-12-11 07:50:13.667583,Email
13c40726-4d72-4f3f-bb1e-2bdf4ed95822,81,402,click,2022-04-02 20:37:54.742277,Email
40f1891f-7475-41f2-a07b-029622650cb1,93,119,impression,2021-08-28 01:54:08.655361,Direct Mail
56d09e12-5a73-4d1e-b255-d751dceaaf40,79,167,impression,2016-08-09 02:22:14.867253,Social Media
f4dd4710-d78d-4eda-8fb8-74d8f33f7cb6,26,49,conversion,2024-10-26 08:16:27.465750,Social Media
332e2a9e-fd82-4753-80e6-93745a9abb23,81,464,signup,2022-04-12 03:02:21.536574,Email
5d2c2744-bbbd-48fe-8122-faa69bd4fcbc,98,391,click,2016-10-06 18:16:55.763546,Social Media
4d13e4f2-a494-4855-b6b3-580bd9e5125a,63,258,signup,2016-03-18 15:56:57.649097,Direct Mail
6292abae-8b96-47fe-b979-d70af710acf8,96,262,signup,2018-05-02 07:43:21.948546,Email
0b931637-81d8-47fc-a43c-5b2323054224,93,36,impression,2021-07-13 18:14:21.419813,Social Media
74ad173a-8f9d-4cf7-a26d-08c89cb76fe3,23,378,click,2016-07-19 17:17:41.148495,Social Media
a47d058f-5031-419a-8270-5bdfa7bb3d7d,24,451,click,2023-01-05 17:10:31.233711,Online Ads
c78b5350-aa3c-4244-a927-17c2ea384a2c,37,266,conversion,2016-06-14 16:06:47.319802,Social Media
fa6a8e7e-81fc-450b-a569-e132b6c499e7,78,252,page_view,2024-01-31 11:35:43.886468,Email
eeb346bf-a81e-453c-be57-4f5258ca7032,54,451,conversion,2021-06-05 07:53:57.412310,Online Ads
0bde0384-6949-4549-b113-bd84cad6efd7,98,18,conversion,2016-10-08 01:32:17.138183,Social Media
eddbc223-f98f-43e8-9eeb-1aabcb6040ec,80,303,click,2015-03-30 09:38:57.013152,Email
b8e4785d-4bd2-4599-9d86-9514474ed275,91,401,impression,2017-08-25 14:19:43.795635,Online Ads
cdfc14c3-550e-444d-9edc-b6959810ad94,22,69,conversion,2014-12-24 07:09:27.192425,Email
4b721d22-c357-429b-bdf4-0a4a1055580d,16,277,impression,2019-10-13 01:48:56.519265,Email
94a368fa-4800-4640-9552-c5f1c40570f2,31,254,signup,2018-04-13 13:36:43.242856,Online Ads
c4a84159-ea13-48ae-9ca0-a2f860f3808a,5,115,click,2022-01-15 16:37:35.866482,Online Ads
5bdc2a06-b8ee-4bb0-93e1-02fda60ab80b,95,342,signup,2019-05-19 13:29:52.568860,Social Media
834f7c20-e7cb-4944-aa3b-74ad4a2c8101,82,47,signup,2022-06-12 22:32:01.208562,Social Media
dd5e3041-fb02-42f3-ac43-f4f231422779,45,267,click,2017-09-15 08:58:37.393332,Social Media
53a70c7b-7fef-4f94-b2b0-baf38dd8c393,53,257,impression,2023-07-21 19:19:47.338973,Social Media
7ccd1c81-dda9-4525-ba72-8148767771e7,7,42,conversion,2016-08-09 13:25:28.768326,Social Media
34db7a7e-de0b-45cf-9bb7-d6754ab2f670,89,250,page_view,2017-10-26 23:26:07.614363,Direct Mail
e797d5ea-6e4a-418e-94e5-2bf085a92602,71,189,conversion,2016-11-03 23:54:00.181215,Direct Mail
8bee9b5b-1476-4d20-a68c-95463db2a2ee,50,488,signup,2023-12-20 23:25:30.224041,Email
6b6cd069-98a4-4831-9700-f62814b1ca61,54,85,click,2021-06-10 13:28:17.748586,Social Media
38d25365-7afe-4c69-bde5-f3e1494ea39b,14,422,impression,2020-10-02 05:08:33.522558,Online Ads
1b9deb57-06b1-484b-b0b6-215202a624be,2,235,signup,2022-09-24 00:30:53.153059,Direct Mail
8a8cf8e4-c456-4da0-927f-b8a5b8fa592a,82,326,conversion,2022-06-09 23:33:16.144799,Social Media
5715f39c-b3c8-441a-92bc-47aea6d62bdc,74,66,click,2020-02-11 08:22:46.715068,Social Media
7d5cd28a-8052-4ed3-b398-b42d2ba1394a,93,171,click,2021-07-13 10:49:31.644139,Email
81c3ac06-ce70-49b7-acd0-e48304151d37,14,123,conversion,2020-10-23 03:21:48.172759,Online Ads
98c410e0-a41e-4a72-a6be-23bb8d315ff2,70,471,page_view,2019-06-28 07:47:47.690974,Online Ads
056ee65e-6dbc-4e5c-a7e5-0a1555c8f4cd,4,303,impression,2015-05-11 16:54:11.068723,Email
977dbf2d-42ef-4914-a6c7-8d7065560910,68,147,page_view,2019-11-05 11:27:48.329411,Online Ads
69edebfa-18c8-4532-8971-5cbad740a937,46,140,page_view,2021-04-21 06:24:40.395057,Online Ads
87a075e1-11f8-465b-8d72-7d2ccbdc7c87,95,305,signup,2019-05-15 18:25:09.915641,Social Media
79c5c020-15a3-4e83-a1ab-a56d56212a74,60,432,impression,2023-04-29 02:04:15.762788,Email
a52f7524-6467-497d-af3e-07fd60cb5fcc,37,251,conversion,2016-06-19 11:02:06.917015,Online Ads
f601eef7-5d0e-45e8-95fa-c022741fcaea,58,429,conversion,2024-01-23 06:05:46.974968,Direct Mail
554f9000-55bc-4d37-b9e4-ae0cea0e2d8c,76,1,conversion,2015-03-06 23:32:39.416578,Direct Mail
882b7aeb-7a9c-4d26-9eb7-93da593e1a43,37,155,conversion,2016-06-17 04:07:07.713313,Online Ads
3eec0cee-e156-4c8b-9f3c-6f0895a39bfd,47,249,conversion,2017-10-13 18:40:35.325224,Email
da00bfaa-9314-439a-a796-73e2414980da,41,82,conversion,2022-01-23 21:49:46.444880,Social Media
5a72765e-ce3e-4550-8f79-e057b532420f,97,262,page_view,2023-04-02 01:24:40.905945,Direct Mail
33519d3e-ee77-45c2-b4f1-bf2314e0df6e,39,195,conversion,2024-04-11 13:07:14.732996,Email
187b7270-5410-4dcf-9ab6-c361181a9f0c,30,459,click,2019-06-13 09:38:34.084864,Online Ads
01e0e000-9850-45e3-8550-2be4ec0ef27d,31,43,signup,2018-04-11 11:48:47.962975,Online Ads
68552896-733f-4696-b5d6-da49e740b9cf,31,481,page_view,2018-04-16 22:22:13.434428,Email
28276632-887b-4080-a344-8b1bfb7d6cb1,29,398,signup,2022-10-25 22:18:53.691656,Direct Mail
083d3692-326e-42d8-b4d7-d71bf8dc093f,68,113,page_view,2019-11-04 03:12:45.020252,Social Media
01abbc8d-d3f5-47c5-9683-8196a081e1d0,63,249,signup,2016-03-11 01:02:46.626670,Social Media
b78d3324-1022-4f72-b2ca-1a900010eb29,57,378,click,2020-07-29 23:50:35.991973,Online Ads
c0ba65a1-03a1-4c0b-ba05-30aa310df00a,33,428,impression,2022-11-02 22:53:41.121150,Social Media
18d59fab-d1c3-458b-9bc2-26027d059ba2,33,60,impression,2022-11-19 04:11:03.833883,Online Ads
c32225c3-e2ed-4fe9-89aa-6d35bce9698e,98,408,click,2016-10-02 10:56:59.744238,Social Media
5234f294-5f9f-4344-9e5e-43954d983e2c,68,347,impression,2019-11-08 07:50:40.170672,Online Ads
459e1fb5-67c4-4cda-a09b-0308f57f2a92,97,51,impression,2023-04-15 05:22:11.035152,Online Ads
2ea4858f-6d29-4e91-a5aa-9a38c6a84e1d,61,71,impression,2020-05-22 02:46:53.072530,Social Media
90c76e99-227e-4f10-82e1-c541d3d94a86,59,468,impression,2021-08-09 14:43:08.555969,Email
c6cd7d05-659e-4817-a80d-ad2330f05f28,57,153,click,2020-07-10 17:26:01.433447,Direct Mail
417757b3-363b-4739-84c5-a445eb2bc58f,45,111,signup,2017-08-31 16:56:38.141040,Email
fa6f4a30-62d3-466e-a406-08bcd94c749b,7,439,signup,2016-09-06 09:37:45.399262,Social Media
fc2fd690-4470-4018-b3ed-fe690b9d5831,77,470,page_view,2019-01-13 22:33:57.041349,Direct Mail
8515b059-b073-4dde-8195-a12871864c43,59,108,impression,2021-09-06 12:01:49.066642,Online Ads
64c35d7d-f83d-47bb-980a-d187dafe7236,21,50,click,2024-03-15 14:00:22.612361,Online Ads
fe9530f7-d2c7-4f42-b39c-e8a859e6f088,68,97,signup,2019-10-27 15:43:11.342594,Online Ads
96e7e16e-8661-43d7-9049-61717da3d712,70,457,impression,2019-08-25 15:28:44.855995,Direct Mail
ab69f57e-f5e0-4613-8295-561e35d6f6da,29,82,click,2022-10-24 13:09:18.224088,Online Ads
3a8f8a57-8235-4e8a-ad5b-9cc8f6f11d5b,99,393,conversion,2023-07-23 08:11:25.810208,Email
fa3e59d9-2603-456a-b7fa-13f047ac2d51,67,178,page_view,2014-11-09 14:08:51.734157,Email
d0e2ebb4-aca4-4a20-b240-f44cf4bc78b9,68,63,click,2019-11-12 00:57:55.681967,Online Ads
412ca9d2-6afe-4882-a1ad-1fd38b2c7cca,24,288,click,2023-01-16 15:13:03.514595,Direct Mail
85a963d6-8963-4414-828c-624fc39df027,91,287,impression,2017-08-22 06:57:02.087471,Online Ads
f888d702-f7f6-40ef-971e-f7921ed42aff,18,400,click,2015-04-23 11:11:05.144455,Direct Mail
f4ea9462-8990-439c-874b-e49933ff2ea7,33,98,impression,2022-10-13 02:31:58.929417,Online Ads
32a31f95-76e6-47c0-b3ff-6521f351c237,44,97,conversion,2015-05-17 00:26:41.648144,Social Media
4a17624c-6dd5-4649-a982-ae05285795cf,87,233,click,2022-02-23 16:17:19.876105,Direct Mail
f54188c0-079d-4ece-9b67-d7d3824db3b4,17,321,click,2016-02-11 07:00:24.610048,Online Ads
0758da2b-4767-498d-a074-523ea125e7b8,7,425,page_view,2016-08-01 21:06:40.995099,Social Media
2e4c05e5-b0ca-4b6c-8bb6-2755a0c5bd20,24,150,impression,2022-12-30 15:14:10.159033,Online Ads
a90b4703-9efc-4d31-8fcd-2a133e89ef53,100,101,click,2014-12-19 06:22:34.751555,Email
20744e09-c12a-4220-8f17-fc3d91d30f61,79,331,click,2016-09-01 20:13:09.944127,Direct Mail
2037dc09-f7b2-4e7a-a153-8461de2b24e1,29,58,signup,2022-10-30 17:27:35.863479,Social Media
5e9533dc-3cb8-472a-8ecb-8c48cd04bc76,38,332,impression,2019-09-01 06:27:10.547801,Email
bca98ce8-09d1-4ae9-b25d-9b0934481a39,85,265,signup,2022-10-24 06:26:44.388809,Social Media
6d11349a-f84f-491f-9e13-5d03638f1325,62,258,impression,2014-12-15 17:54:29.322519,Email
8986c3cd-f158-4e22-acba-bef83e2091d0,63,61,impression,2016-03-10 00:37:07.054649,Email
bbf06913-66b5-4ac1-b2c7-10c142d98bc3,22,188,signup,2014-12-20 15:29:29.952077,Direct Mail
25242eaf-f45e-4b85-8324-6170baf0685e,10,26,impression,2015-11-14 20:16:17.006163,Online Ads
c0901bdb-86df-40b2-b145-2157bf42375c,15,292,page_view,2014-12-07 18:31:28.094824,Social Media
91f501c9-54c5-4051-a850-2fa68c2dfcf1,61,392,impression,2020-04-03 18:42:02.184265,Online Ads
9e577266-31be-4a24-bdff-edc1a98a55c6,38,334,page_view,2019-09-12 08:24:16.668365,Online Ads
45b233b4-b982-40f1-bcb2-8301e572fa86,23,20,signup,2016-07-29 18:26:39.352625,Direct Mail
beb78482-5f74-41ee-8321-e1e63fdfdc11,81,418,click,2022-04-11 10:28:38.681771,Online Ads
e2a2cf7f-8a09-4c94-b457-7ef9ff16f867,19,418,page_view,2017-06-23 01:35:38.267017,Social Media
3508926c-b10f-40c0-9855-29e4915c4641,11,47,page_view,2024-05-19 11:04:29.387684,Direct Mail
59f97ea2-f692-40c0-a50c-c2ac8e62ec2a,64,260,page_view,2016-10-17 23:51:29.905511,Online Ads
5da974d6-880d-4413-ba5e-bfab16dec8f8,14,219,signup,2020-11-18 16:30:51.690124,Online Ads
554f2aea-1891-4c98-95da-6ff4646d5006,8,477,click,2020-09-17 13:39:53.871347,Email
ae7c14c3-2277-4d54-a327-55ab590d7172,7,191,conversion,2016-08-07 09:48:42.358571,Online Ads
57b94d9f-53ba-4c6d-bf29-89795ff59562,19,239,signup,2017-07-03 14:42:37.839496,Direct Mail
7a2c5806-33b1-44ea-8e0f-82499423ddee,86,444,impression,2024-09-28 19:31:10.247275,Social Media
54008ae0-6e71-4e4b-acd5-0b5d09839bfe,13,200,impression,2022-01-12 18:26:48.579985,Online Ads
68f9b76a-5c00-4b71-bfc8-44d88156ccfc,61,189,click,2020-04-17 07:23:42.310285,Email
93ad8316-cebf-4bf6-be04-f7cfd01b3592,5,10,impression,2021-12-23 08:34:46.517166,Direct Mail
a7932e54-ddba-4bd8-8ea6-647a933da967,53,385,page_view,2023-08-11 22:05:17.682708,Online Ads
45db4dec-6426-44f8-8f85-3ee2d6d01b80,61,441,conversion,2020-05-05 11:32:59.605093,Social Media
39ba91d4-6713-403b-9187-8bce51f51265,61,330,impression,2020-05-17 05:19:19.806442,Online Ads
8791da4b-aaa2-446c-b9db-f9be9c2a733f,58,498,click,2024-02-09 04:52:12.156034,Online Ads
1f654b65-65bb-47f6-941c-2d387d4890c2,47,258,click,2017-10-09 15:10:42.179543,Direct Mail
3b8e694b-5617-4fa9-ab98-3546796a4ffa,30,441,click,2019-04-26 04:26:53.147905,Social Media
6f6b3a75-0324-489b-b6ba-9a4f4d901d05,14,90,page_view,2020-11-27 19:36:41.549600,Email
d88214dc-7a7d-4d8e-ba69-d43fbb0e8f62,69,82,impression,2024-04-09 18:31:12.223331,Direct Mail
29747e02-4c90-4c60-9cb3-6b5163711cab,25,437,signup,2015-07-18 09:04:31.125649,Social Media
daae873c-e5ca-4518-9e47-f1e109f69199,15,48,impression,2014-11-07 09:54:38.484007,Email
fe0bd5f3-1ebd-4544-87dd-9c2886864998,96,446,impression,2018-03-22 21:29:50.287178,Email
5ccdc341-4b93-47c7-9539-341d22e597c2,7,79,signup,2016-07-30 01:11:02.099935,Social Media
5e4bcbb9-d995-4725-bd1f-a5f7641153e7,4,186,click,2015-06-14 10:15:02.214183,Direct Mail
600503a3-ccb4-4c05-aae4-d217a56abce1,59,345,conversion,2021-09-05 21:12:22.185154,Social Media
a7e9119a-ecf3-4c98-a3d3-730b89c40e28,20,295,impression,2016-09-10 06:19:33.099964,Online Ads
d63b11ef-0dff-4543-b992-d2be96b203db,37,435,signup,2016-07-04 03:53:13.718031,Online Ads
cc218833-c7cc-4733-99b8-53b1e61c39ac,97,361,conversion,2023-05-28 16:19:46.834125,Direct Mail
64303665-9d54-47d5-b98e-5c27af21fe6e,10,222,page_view,2015-11-02 08:18:41.013805,Email
de916c5a-103c-4318-8559-77ad12a9fd8b,39,190,conversion,2024-04-06 21:55:56.280335,Email
f8b61e3e-949c-49d2-b85a-51cce08b6a57,29,182,conversion,2022-09-21 20:34:21.660446,Social Media
dd3fca47-7e92-46a6-ae86-55e2a70724b4,57,82,conversion,2020-07-16 18:50:01.896451,Direct Mail
c687707b-0f04-43e0-89c4-1cede67cc702,50,382,impression,2023-12-08 03:34:31.007331,Social Media
638be495-1162-4e3e-abc4-67e3249fbe5a,53,467,signup,2023-08-23 23:04:06.648806,Direct Mail
cc161e80-cc92-4a00-a506-ca645e47fe9e,39,330,signup,2024-03-12 00:30:51.457842,Email
0d9cdcb1-152f-4f19-813c-f2ef6694ec1e,46,385,conversion,2021-04-30 20:34:05.038068,Social Media
42027d77-2672-419c-b52e-03a02f36d49f,93,388,impression,2021-08-29 04:44:09.323761,Email
5d0617ab-e392-4f28-a7e8-8cd317f0064f,47,306,signup,2017-09-20 21:54:06.377460,Online Ads
201219af-619b-4d94-ad68-5c71b09eeb42,19,188,conversion,2017-06-29 17:38:09.669933,Direct Mail
80d5afc7-32b1-402c-beed-bd9b8d44bd4c,35,118,signup,2024-08-28 11:18:16.538147,Email
15ff4be2-80f7-435a-a77f-24274633f078,84,475,signup,2021-09-18 15:12:35.784325,Email
37908011-2e70-4241-9510-d2e7f911623b,25,149,page_view,2015-07-15 03:37:59.371953,Direct Mail
4ddcb83f-b859-436d-b78c-5c4f24199b72,29,36,click,2022-09-12 16:39:46.150708,Direct Mail
eb976c5b-d30b-4f2e-a8c3-5aeea15b4a5d,6,63,conversion,2021-01-23 23:22:07.670755,Direct Mail
691c77f7-a0c8-4d8a-8b51-0e9e906de112,73,309,conversion,2015-12-15 19:47:47.670244,Social Media
948aa251-d063-4d98-a974-22096128a2b8,99,380,conversion,2023-09-07 21:44:22.246144,Online Ads
0ef7dacf-5a5b-4757-a6d5-1c1e93f393d7,1,48,conversion,2020-01-09 16:13:07.137264,Email
c37a11b8-e5ad-43c8-8325-90c3100680fb,28,431,signup,2017-07-10 16:58:31.409666,Email
3136bef4-6c57-4dda-a4e8-48f667d3035d,54,429,page_view,2021-05-18 22:20:31.549646,Email
34c6f082-b4c0-4ce9-90e5-6dea4b693873,68,412,page_view,2019-11-11 03:20:39.343914,Social Media
5a37f13b-30eb-41d9-a468-bd6b3dbc30de,44,270,conversion,2015-06-16 05:34:14.686366,Online Ads
6021666f-1fd9-4ca6-8b55-c4c56ef554f8,29,219,conversion,2022-09-16 15:28:59.148143,Online Ads
59ce8a95-f66c-4f68-b3e2-f11afcdbd43d,58,192,page_view,2024-01-22 11:33:17.237618,Direct Mail
5cb48c52-26bc-45f2-9249-cca5de275b7b,74,290,signup,2020-01-27 22:45:40.553862,Online Ads
5c6f7be0-8b7e-4502-9e54-321f6c95f84a,94,150,impression,2023-01-20 03:39:12.018365,Email
57e42bec-5e10-40d5-95c1-44cecbff7bb1,94,394,conversion,2023-02-07 14:45:42.951132,Social Media
d3f4e2a4-63d9-437f-b4b7-c74e4360066c,62,168,signup,2014-12-18 15:54:31.039434,Online Ads
37a7dcc0-a8a1-42bf-a2a9-be8216728a36,64,454,page_view,2016-10-29 20:22:48.757280,Online Ads
3df0d9f3-d77b-4e94-bc32-d7a901bdff7a,8,414,signup,2020-10-01 17:38:03.102967,Direct Mail
f93d4efd-a038-4d71-bbf7-debe58456f59,62,475,impression,2014-12-02 13:10:05.627665,Online Ads
628b084b-7544-4bd9-b4ca-c0c47c95e9ed,30,30,page_view,2019-04-29 10:40:29.017757,Email
4731496b-6771-4e1d-8bdd-1fc3cc2d6f63,43,272,click,2021-02-01 02:54:08.923086,Direct Mail
ece7790e-e5a1-49cd-b889-daf276bc62d4,57,268,page_view,2020-07-13 15:03:45.437938,Online Ads
58dfddce-b443-4976-8359-de06a6ce4eb5,48,56,click,2016-09-20 14:52:04.224507,Social Media
e1531094-eaed-41d6-b95a-e20ac188aed7,87,464,impression,2022-02-23 08:50:14.672762,Online Ads
ccad8fee-4180-495e-bfe3-0ba989d0a863,53,247,click,2023-07-23 07:52:51.013956,Social Media
872caa6c-1e09-4b02-92ee-766e7f9774ff,60,173,impression,2023-05-10 18:20:21.285373,Social Media
ebaac4be-b137-4c69-9fcc-66c993684708,57,461,click,2020-07-22 16:34:13.173370,Email
79a6907d-9de8-4f74-99d5-9dce3ea11b87,2,371,impression,2022-09-14 08:42:35.245657,Online Ads
f6a1d47d-d2a1-4732-b1c9-31c8f5a8f0b9,79,329,signup,2016-09-11 18:44:55.171064,Social Media
d07ebf7d-1cd5-4c98-ab51-df278c1c7768,99,287,signup,2023-09-15 00:13:36.124039,Online Ads
f60c1a6f-3ed3-441f-944a-f9d0456a21d6,47,105,impression,2017-09-19 11:30:54.529605,Email
71ad869d-a548-4193-a23c-1d60e3b42601,73,368,impression,2015-12-27 10:28:34.368639,Direct Mail
42ec1fc0-ab3b-4896-bdde-75449b5080db,10,114,click,2015-11-04 22:33:35.357770,Email
35bdca85-f9e2-40e9-aa73-2346d1b21005,37,160,signup,2016-06-22 23:28:48.315526,Online Ads
14bf5b3e-f295-4a2f-b00f-3af6dad00533,14,319,signup,2020-10-14 12:54:08.381943,Social Media
88c24699-8e23-40c1-a1c2-25650d04ae1b,85,148,click,2022-10-21 20:11:49.521067,Email
2646f59c-dcf5-4b54-8884-269d35d318c9,28,219,signup,2017-06-13 09:46:54.934247,Online Ads
ee7319ed-adb2-4fc2-9786-78457007a7b6,2,199,page_view,2022-10-17 11:54:06.233205,Social Media
58067ff7-3b52-450a-bfb3-58c47426dc2d,20,364,page_view,2016-09-14 15:50:20.906693,Online Ads
5aaee147-6db1-4bab-b8a4-c6dfe63cfc04,6,37,click,2021-02-05 17:30:33.521802,Direct Mail
de3c3fc4-4e98-48dd-b2e1-330ab2b67ee6,10,427,impression,2015-11-10 14:48:26.589327,Email
79d81766-5672-413b-9d5f-3d8078a1ef5d,97,128,signup,2023-04-11 22:43:33.904241,Email
2b589f8c-2b63-4472-8d46-e8d8cfc1a287,13,271,conversion,2022-01-19 14:28:27.706797,Direct Mail
12d72dd7-842c-48d5-8d00-7b348e90b46a,8,283,signup,2020-09-19 09:30:09.441382,Direct Mail
3b803d00-c329-403b-b7d7-c363f7a281c4,30,244,impression,2019-05-25 13:31:24.670440,Email
796bf7f9-128d-4e3e-ad9a-7e370807fdf6,54,411,page_view,2021-06-02 06:22:00.346770,Social Media
83b21f7e-a67a-4ae5-903c-3202e7393551,58,177,page_view,2024-01-18 12:34:35.581397,Social Media
39628597-6184-4f69-9dc7-abb8288f56ca,63,159,signup,2016-02-16 04:15:04.954272,Email
252af092-e940-4e8c-82ce-3085cca57eac,3,497,signup,2016-05-20 16:43:14.785219,Direct Mail
af03fafc-7ac9-44b4-9ac6-adccc8a1de73,7,1,page_view,2016-09-14 11:29:22.896390,Direct Mail
e62b24a1-b10c-447f-85c9-3c9abe4c6458,8,33,page_view,2020-09-22 02:05:47.554725,Social Media
9b5a9c3d-dfc5-4008-b8cd-58ec87dd026e,17,190,signup,2015-12-20 17:54:37.763294,Direct Mail
69bff84a-8225-45a9-a7e0-e6e2e4ed2eb1,10,279,click,2015-11-01 11:11:12.520329,Direct Mail
84f0c654-016f-422a-b706-0f46edcc475f,13,2,page_view,2022-01-11 10:15:37.943593,Online Ads
b9aed527-3758-4e90-94b0-5a7414ccdad1,32,416,signup,2019-04-10 06:25:39.460623,Email
ccb49285-e92d-405b-854d-db6aa22d2a0c,8,425,click,2020-09-22 00:25:40.739732,Email
46f0f716-e12b-4786-ab7b-bf17f81a6c7d,1,471,impression,2020-01-05 15:57:06.438411,Social Media
35788a47-f9f7-41ae-9687-d4e09d6c9631,17,372,click,2016-01-26 09:13:17.547058,Social Media
1fc5baad-2989-4fb3-83b7-26eecd3cd178,90,203,page_view,2022-06-03 01:18:42.677436,Social Media
1793c061-cd28-4ea7-885c-454be6d59b3c,79,22,conversion,2016-10-05 10:06:57.259531,Email
e27c2ef7-1697-4d2c-80e3-d2f2a16b0255,16,473,click,2019-10-05 15:25:47.291988,Email
3b03350a-aaa9-424f-9f15-5ae96db0b866,94,194,page_view,2023-02-02 01:36:38.475275,Social Media
4cbfbd6d-3805-4e93-bb4e-48346f0aae84,35,372,page_view,2024-08-17 23:45:54.617103,Email
93885a39-96a0-4024-b0e5-377bb06cbe38,1,401,signup,2020-01-08 08:20:55.294675,Direct Mail
494f6efe-2dd2-467e-9bf5-fd113bc88470,67,462,signup,2014-11-12 14:43:16.362707,Email
a26bc71b-3be2-44cb-a585-9394189774e0,15,145,page_view,2014-11-15 04:11:36.699190,Online Ads
8d107007-8dc7-4333-87b3-157ea2dcf5da,11,42,signup,2024-05-13 15:53:02.120745,Social Media
10c04558-d37f-4c21-9c92-64d722c905c9,72,77,impression,2016-11-07 09:14:09.948012,Online Ads
51122b3b-5635-48cf-a3e7-ecbf299cdddd,15,291,signup,2014-11-15 10:53:57.872674,Online Ads
ec423421-8777-4b53-a7c8-d8fb8de4c10f,76,480,conversion,2015-04-18 18:06:28.133923,Direct Mail
27ebb194-b9c3-430d-9127-36db3e9e30b8,19,56,click,2017-08-20 16:52:14.750064,Direct Mail
16a1d492-a6a7-49b3-9e20-db7b58864286,3,445,impression,2016-05-16 15:27:19.368488,Online Ads
6fe490d1-51ec-49c0-8bbb-561c2db1688c,33,438,conversion,2022-10-06 08:53:40.652028,Direct Mail
ae899f16-3719-47d1-a8e2-b91dd724a032,21,362,conversion,2024-03-10 10:57:26.765347,Social Media
d1948ac2-3ba4-4875-a3f7-b74f46236a1d,67,340,impression,2014-11-04 02:46:16.161682,Online Ads
2e5b76eb-20ef-45ce-9fb0-a4b310169fe0,34,326,page_view,2021-03-15 09:59:24.379142,Email
ec41c7f9-7405-47aa-9093-9b8cf22400ff,43,357,signup,2021-01-17 00:04:17.369223,Online Ads
fc6af879-cfa2-455a-bb4b-607733c947e0,43,2,impression,2021-01-21 06:36:01.857588,Online Ads
e9256761-fe36-49d1-bec3-5f879db83903,19,496,conversion,2017-07-23 20:37:34.366832,Social Media
0f35df4e-3228-4b07-8065-6de1fba953ed,48,92,impression,2016-09-09 16:28:41.816737,Email
10136440-4b9b-4be2-9a08-fdc8ca9bd29f,85,238,conversion,2022-10-22 13:09:31.149621,Online Ads
0b271f49-d5bc-453a-921e-1091a9278e2f,16,433,impression,2019-09-14 04:09:32.456581,Social Media
914ddbf2-2f77-47d2-aee5-b8a3ad016ea8,1,80,click,2019-12-31 20:07:43.763101,Direct Mail
48beb6fb-aff1-4f54-b0aa-1802719a5346,12,354,impression,2015-01-23 18:07:53.786414,Social Media
9ae860b5-eb19-4c2c-a35c-fa197c9d9205,2,121,click,2022-10-18 03:36:15.535999,Direct Mail
5dd80ad7-64e7-4106-902a-ac1a0b90b70d,58,218,signup,2024-01-27 05:00:42.019631,Online Ads
